nombre,posicion,cant_mundiales,lista_mundiales,clubes_en_mundiales,paises_clubes,fecha_nacimiento,fecha_iso,lugar_nacimiento,depto,pais_nacimiento,Latitud,Longitud,wiki_enlace,url_imagen
Abel Hernández,Delantero,1,2014,UC Palermo,Italia,8 de agosto de 1990,8/8/1990,Pando,Canelones,Uruguay,-34.72128,-55.96005,https://es.wikipedia.org/wiki/Abel_Hernández_(futbolista),https://www.auf.org.uy/imagenes/img_contenido/seleccion_jugador/a/abel_hernandez_auf.jpg
Agustín Canobbio,Centrocampista,2,"2022, 2026","Athletico Paranaense, Fluminense","Brasil, Brasil",1 de octubre de 1998,10/1/1998,Montevideo,Montevideo,Uruguay,-34.90550,-56.18511,https://es.wikipedia.org/wiki/Agustín_Canobbio,https://www.auf.org.uy/imagenes/img_contenido/seleccion_jugador/a/canobbio-agustin-ct.jpg
Alberto Cardaccio,Centrocampista,1,1974,Danubio,Uruguay,26 de septiembre de 1949,9/26/1949,Montevideo,Montevideo,Uruguay,-34.90550,-56.18511,https://es.wikipedia.org/wiki/Alberto_Cardaccio,https://www.auf.org.uy/imagenes/img_contenido/seleccion_jugador/a/alberto_cardaccio_.jpg
Alberto Gómez,Defensa,1,1970,Liverpool,Uruguay,10 de junio de 1944,6/10/1944,Paysandú,Paysandú,Uruguay,-32.31683,-58.08005,https://es.wikipedia.org/wiki/Alberto_Gómez_(futbolista),https://www.auf.org.uy/imagenes/img_contenido/seleccion_jugador/a/alberto_gomez_.jpg
Alcides Ghiggia,Delantero,1,1950,Peñarol,Uruguay,22 de diciembre de 1926,12/22/1926,Montevideo,Montevideo,Uruguay,-34.90550,-56.18511,https://es.wikipedia.org/wiki/Alcides_Ghiggia,https://www.auf.org.uy/imagenes/img_contenido/seleccion_jugador/a/alcides_ghiggia_.jpg
Alejandro Lembo,Defensa,1,2002,Nacional,Uruguay,15 de febrero de 1978,2/15/1978,Montevideo,Montevideo,Uruguay,-34.90550,-56.18511,https://es.wikipedia.org/wiki/Alejandro_Lembo,https://www.auf.org.uy/imagenes/img_contenido/seleccion_jugador/a/alejandro_lembo_gettyimages.jpg
Alejandro Silva,Centrocampista,1,2014,Lanús,Argentina,4 de septiembre de 1989,9/4/1989,Montevideo,Montevideo,Uruguay,-34.90550,-56.18511,https://es.wikipedia.org/wiki/Alejandro_Silva_González,https://www.auf.org.uy/imagenes/img_contenido/seleccion_jugador/a/alejandro_silva_gettyimages.jpg
Alfonso Domínguez,Defensa,1,1990,Peñarol,Uruguay,24 de septiembre de 1965,9/24/1965,Durazno,Durazno,Uruguay,-33.37896,-56.52452,https://es.wikipedia.org/wiki/Alfonso_Enrique_Domínguez,https://www.auf.org.uy/imagenes/img_contenido/seleccion_jugador/a/alfonso_dominguez_un.jpg
Andrés Scotti,Defensa,2,"2010, 2014","Colo-Colo, Nacional","Chile, Uruguay",14 de diciembre de 1975,12/14/1975,Montevideo,Montevideo,Uruguay,-34.90550,-56.18511,https://es.wikipedia.org/wiki/Andrés_Scotti,https://www.auf.org.uy/imagenes/img_contenido/seleccion_jugador/a/andres_scotti_gettyimages.jpg
Angel Romano,Defensa,1,1930,Nacional,Uruguay,2 de agosto de 1893,1893-08-02,Montevideo,Montevideo,Uruguay,-34.90550,-56.18511,https://es.wikipedia.org/wiki/Angel_Romano,https://www.auf.org.uy/imagenes/img_contenido/seleccion_jugador/a/angel_romano_.jpg
Antonio Alzamendi,Delantero,2,"1986, 1990","River Plate, Logroñés","Argentina, España",7 de junio de 1956,6/7/1956,Durazno,Durazno,Uruguay,-33.37896,-56.52452,https://es.wikipedia.org/wiki/Antonio_Alzamendi,https://www.auf.org.uy/imagenes/img_contenido/seleccion_jugador/a/antonio_alzamendi_un.jpg
Aníbal Paz,Guardameta,1,1950,Nacional,Uruguay,21 de mayo de 1917,5/21/1917,Montevideo,Montevideo,Uruguay,-34.90550,-56.18511,https://es.wikipedia.org/wiki/Aníbal_Paz,https://www.auf.org.uy/imagenes/img_contenido/seleccion_jugador/a/anibal_paz_.jpg
Atilio Ancheta,Defensa,1,1970,Nacional,Uruguay,19 de julio de 1948,7/19/1948,Florida,Florida,Uruguay,-34.09446,-56.21859,https://es.wikipedia.org/wiki/Atilio_Ancheta,https://www.auf.org.uy/imagenes/img_contenido/seleccion_jugador/a/atilio_ancheta_.jpg
Baudilio Jáuregui,Defensa,1,1974,River Plate,Argentina,9 de julio de 1945,7/9/1945,Montevideo,Montevideo,Uruguay,-34.90550,-56.18511,https://es.wikipedia.org/wiki/Baudilio_Jáuregui,https://www.auf.org.uy/imagenes/img_contenido/seleccion_jugador/a/baudilio_jauregui_anefo.jpg
Carlos Aguilera,Delantero,2,"1986, 1990","Nacional, Genoa","Uruguay, Italia",21 de septiembre de 1964,9/21/1964,Montevideo,Montevideo,Uruguay,-34.90550,-56.18511,https://es.wikipedia.org/wiki/Carlos_Alberto_Aguilera,https://www.auf.org.uy/imagenes/img_contenido/seleccion_jugador/a/aguileracarlos.jpg
Carlos Borges,Delantero,1,1954,Peñarol,Uruguay,14 de enero de 1932,1/14/1932,Montevideo,Montevideo,Uruguay,-34.90550,-56.18511,https://es.wikipedia.org/wiki/Carlos_Borges,https://www.auf.org.uy/imagenes/img_contenido/seleccion_jugador/a/carlos_borges_.jpg
Carlos Riolfo,Centrocampista,1,1930,Peñarol,Uruguay,5 de noviembre de 1905,11/5/1905,Montevideo,Montevideo,Uruguay,-34.90550,-56.18511,https://es.wikipedia.org/wiki/Carlos_Riolfo,https://www.auf.org.uy/imagenes/img_contenido/seleccion_jugador/a/carlos_riolfo_2.jpg
Carlos Romero,Centrocampista,1,1950,Danubio,Uruguay,7 de septiembre de 1927,9/7/1927,Montevideo,Montevideo,Uruguay,-34.90550,-56.18511,https://es.wikipedia.org/wiki/Carlos_Romero_(futbolista_uruguayo),https://www.auf.org.uy/imagenes/img_contenido/seleccion_jugador/a/carlos_romero_2.jpg
Carlos Sánchez,Centrocampista,1,2018,Monterrey,México,2 de diciembre de 1984,12/2/1984,Montevideo,Montevideo,Uruguay,-34.90550,-56.18511,https://es.wikipedia.org/wiki/Carlos_Andrés_Sánchez,https://www.auf.org.uy/imagenes/img_contenido/seleccion_jugador/a/carlos_sanchez_gettyimages2.jpg
Celso Otero,Guardameta,1,1986,Montevideo Wanderers,Uruguay,1 de febrero de 1958,2/1/1958,Montevideo,Montevideo,Uruguay,-34.90550,-56.18511,https://www.auf.org.uy/celso-otero-quintas/,https://www.auf.org.uy/imagenes/img_contenido/seleccion_jugador/a/celso_otero_un.jpg
Christian Stuani,Delantero,2,"2014, 2018","RCD Español, Girona","España, España",12 de octubre de 1986,10/12/1986,Tala,Canelones,Uruguay,-34.34346,-55.76313,https://es.wikipedia.org/wiki/Christian_Stuani,https://www.auf.org.uy/imagenes/img_contenido/seleccion_jugador/a/cristhian_stuani_auf.jpg
Conduelo Píriz,Centrocampista,1,1930,Nacional,Uruguay,9 de octubre de 1904,10/9/1904,Durazno,Durazno,Uruguay,-33.37896,-56.52452,https://es.wikipedia.org/wiki/Conduelo_Píriz,https://www.auf.org.uy/imagenes/img_contenido/seleccion_jugador/a/conduelo_piriz_.jpg
Cristian Rodríguez,Centrocampista,2,"2014, 2018","Atlético de Madrid, Peñarol","España, Uruguay",30 de septiembre de 1985,9/30/1985,"Juan Lacaze, Colonia",Colonia,Uruguay,-34.43126,-57.44229,https://es.wikipedia.org/wiki/Cristian_Rodríguez,https://www.auf.org.uy/imagenes/img_contenido/seleccion_jugador/a/cristian_rodriguez_auf.jpg
César Vega,Defensa,1,1986,Danubio,Uruguay,2 de septiembre de 1959,9/2/1959,Montevideo,Montevideo,Uruguay,-34.90550,-56.18511,https://www.auf.org.uy/cesar-vega/,https://www.auf.org.uy/imagenes/img_contenido/seleccion_jugador/a/cesar_vega_giovinatti.jpg
Dagoberto Fontes,Delantero,1,1970,Defensor,Uruguay,6 de junio de 1943,6/6/1943,Maldonado,Maldonado,Uruguay,-34.89794,-54.95004,https://es.wikipedia.org/wiki/Dagoberto_Fontes,https://www.auf.org.uy/imagenes/img_contenido/seleccion_jugador/a/dagoberto_fontes_.jpg
Daniel Fonseca,Delantero,1,1990,Nacional,Uruguay,13 de septiembre de 1969,9/13/1969,Montevideo,Montevideo,Uruguay,-34.90550,-56.18511,https://es.wikipedia.org/wiki/Daniel_Fonseca,https://www.auf.org.uy/imagenes/img_contenido/seleccion_jugador/a/fonsecadaniel.jpg
Darwin Núñez,Delantero,2,"2022, 2026","Liverpool, Al-Hilal","Inglaterra, Arabia Saudita",24 de junio de 1999,6/24/1999,Artigas,Artigas,Uruguay,-30.40432,-56.46923,https://es.wikipedia.org/wiki/Darwin_Núñez,https://www.auf.org.uy/imagenes/img_contenido/seleccion_jugador/a/nunez-darwin-ct.jpg
Darío Pereyra,Defensa,1,1986,São Paulo,Brasil,19 de octubre de 1956,10/19/1956,"Sauce, Canelones",Canelones,Uruguay,-34.65021,-56.06534,https://es.wikipedia.org/wiki/Darío_Pereyra,https://www.auf.org.uy/imagenes/img_contenido/seleccion_jugador/a/dario_pereyra_.jpg
Darío Rodríguez,Defensa,1,2002,Peñarol,Uruguay,17 de septiembre de 1974,9/17/1974,Montevideo,Montevideo,Uruguay,-34.90550,-56.18511,https://es.wikipedia.org/wiki/Darío_Rodríguez,https://www.auf.org.uy/imagenes/img_contenido/seleccion_jugador/a/dario_rodriguez_afp.jpg
Darío Silva,Delantero,1,2002,Málaga,España,2 de noviembre de 1972,11/2/1972,Treinta y Tres,Treinta y Tres,Uruguay,-33.23214,-54.38668,https://es.wikipedia.org/wiki/Darío_Silva,https://www.auf.org.uy/imagenes/img_contenido/seleccion_jugador/a/dario_silva_gettyimages.jpg
Denis Milar,Delantero,1,1974,Liverpool,Uruguay,20 de junio de 1952,6/20/1952,Rocha,Rocha,Uruguay,-34.48107,-54.32904,https://es.wikipedia.org/wiki/Denis_Milar,https://www.auf.org.uy/imagenes/img_contenido/seleccion_jugador/a/denis_milar_gv.jpg
Diego Forlán,Delantero,3,"2002, 2010, 2014","Manchester United, Atlético de Madrid, Cerezo Osaka","Inglaterra, España, Japón",19 de mayo de 1979,5/19/1979,Montevideo,Montevideo,Uruguay,-34.90550,-56.18511,https://es.wikipedia.org/wiki/Diego_Forlán,https://www.auf.org.uy/imagenes/img_contenido/seleccion_jugador/a/diego_forlan_gettyimages.jpg
Diego Godín,Defensa,4,"2010, 2014, 2018, 2022","Villarreal, Atlético de Madrid, Atlético de Madrid, Vélez Sarsfield","España, España, España, Argentina",16 de febrero de 1986,2/16/1986,"Rosario, Colonia",Colonia,Uruguay,-34.31210,-57.35094,https://es.wikipedia.org/wiki/Diego_Godín,https://www.auf.org.uy/imagenes/img_contenido/seleccion_jugador/a/godin-diego-2022.jpg
Diego Laxalt,Centrocampista,1,2018,Genoa,Italia,7 de febrero de 1993,2/7/1993,Montevideo,Montevideo,Uruguay,-34.90550,-56.18511,https://es.wikipedia.org/wiki/Diego_Laxalt,https://www.auf.org.uy/imagenes/img_contenido/seleccion_jugador/a/diego_laxalt_auf.jpg
Diego Lugano,Defensa,2,"2010, 2014","Fenerbahçe, West Bromwich Albion","Turquía, Inglaterra",2 de noviembre de 1980,11/2/1980,Canelones,Canelones,Uruguay,-34.52468,-56.28121,https://es.wikipedia.org/wiki/Diego_Lugano,https://www.auf.org.uy/imagenes/img_contenido/seleccion_jugador/a/diego_lugano_gettyimages.jpg
Diego Pérez,Centrocampista,2,"2010, 2014","Mónaco, Bologna","Francia, Italia",18 de mayo de 1980,5/18/1980,Montevideo,Montevideo,Uruguay,-34.90550,-56.18511,https://es.wikipedia.org/wiki/Diego_Pérez_Aguado,https://img.a.transfermarkt.technology/portrait/big/s_20378_1025_2013_09_23_1.jpg?lm=1
Domingo Pérez,Delantero,2,"1962, 1966",Nacional,Uruguay,7 de junio de 1936,6/7/1936,Paysandú,Paysandú,Uruguay,-32.31683,-58.08005,https://es.wikipedia.org/wiki/Domingo_Salvador_Pérez,https://www.auf.org.uy/imagenes/img_contenido/seleccion_jugador/a/domingo_perez_2.jpg
Domingo Tejera,Defensa,1,1930,Montevideo Wanderers,Uruguay,27 de septiembre de 1899,9/27/1899,Montevideo,Montevideo,Uruguay,-34.90550,-56.18511,https://es.wikipedia.org/wiki/Domingo_Tejera,https://www.auf.org.uy/imagenes/img_contenido/seleccion_jugador/a/domingo_tejera_2.jpg
Edgardo González,Defensa,1,1962,Peñarol,Uruguay,30 de septiebre de 1936,9/30/1936,Colonia del Sacramento,Colonia,Uruguay,-34.46353,-57.83460,https://www.auf.org.uy/edgardo-gonzalez/,https://www.auf.org.uy/imagenes/img_contenido/seleccion_jugador/a/edgardo_gonzalez_.jpg
Edinson Cavani,Delantero,4,"2010, 2014, 2018, 2022","Palermo, Paris Saint-Germain, París Saint-Germain, Valencia","Italia, Francia, Francia, España",14 de febrero de 1987,2/14/1987,Salto,Salto,Uruguay,-31.38794,-57.96118,https://es.wikipedia.org/wiki/Edinson_Cavani,https://www.auf.org.uy/imagenes/img_contenido/seleccion_jugador/a/cavani-2022.jpg
Eduardo Acevedo,Defensa,1,1986,Defensor,Uruguay,25 de septiembre de 1959,9/25/1959,Montevideo,Montevideo,Uruguay,-34.90550,-56.18511,https://es.wikipedia.org/wiki/Eduardo_Mario_Acevedo,https://www.auf.org.uy/imagenes/img_contenido/seleccion_jugador/a/eduardo_acevedo_.jpg
Eduardo Pereira,Guardameta,1,1990,Independiente,Argentina,21 de marzo de 1954,3/21/1954,Montevideo,Montevideo,Uruguay,-34.90550,-56.18511,https://es.wikipedia.org/wiki/Eduardo_Pereira,https://www.auf.org.uy/imagenes/img_contenido/seleccion_jugador/a/eduardo_pereira_un.jpg
Egidio Arévalo Ríos,Centrocampista,2,"2010, 2014","Peñarol, Monarcas Morelia","Uruguay, México",1 de enero de 1982,1/1/1982,Paysandú,Paysandú,Uruguay,-32.31683,-58.08005,https://es.wikipedia.org/wiki/Egidio_Arévalo_Ríos,https://upload.wikimedia.org/wikipedia/commons/8/8c/U17_Egidio_Ar%C3%A9valo_R%C3%ADos_7559.jpg
Eliseo Rivero,Defensa,1,1986,Peñarol,Uruguay,27 de diciembre de 1957,12/27/1957,Montevideo,Montevideo,Uruguay,-34.90550,-56.18511,https://es.wikipedia.org/wiki/Eliseo_Rivero,https://www.auf.org.uy/imagenes/img_contenido/seleccion_jugador/a/eliseo_rivero_un.jpg
Eliseo Álvarez,Defensa,2,"1962, 1966","Nacional, Rampla Juniors",Uruguay,9 de agosto de 1940,8/9/1940,Salto,Salto,Uruguay,-31.38794,-57.96118,https://en.wikipedia.org/wiki/Eliseo_%C3%81lvarez,https://www.auf.org.uy/imagenes/img_contenido/seleccion_jugador/a/eliseo_alvarez_.jpg
Emilio Recoba,Defensa,1,1930,Nacional,Uruguay,3 de noviembre de 1903,11/3/1903,"Palermo, Montevideo",Montevideo,Uruguay,-34.91068,-56.17980,https://es.wikipedia.org/wiki/Emilio_Recoba,https://www.auf.org.uy/imagenes/img_contenido/seleccion_jugador/a/emilio_recoba_.jpg
Emilio Álvarez,Defensa,2,"1962, 1966",Nacional,Uruguay,10 de febrero de 1939,2/10/1939,Montevideo,Montevideo,Uruguay,-34.90550,-56.18511,https://es.wikipedia.org/wiki/Emilio_Walter_Álvarez,https://www.auf.org.uy/imagenes/img_contenido/seleccion_jugador/a/emilio_alvarez_.jpg
Enrique Ballesteros,Guardameta,1,1930,Rampla Juniors,Uruguay,18 de enero de 1905,1/18/1905,Colonia del Sacramento,Colonia,Uruguay,-34.46353,-57.83460,https://es.wikipedia.org/wiki/Enrique_Ballesteros,https://blogger.googleusercontent.com/img/b/R29vZ2xl/AVvXsEjdTtnKYV3-DtRQ10b1hNPtwqrOi4NyjEt3_tY1eQAU2biLKjDzswiz4IMSC73y78aHergnCmxKqBoarc9-zLbD8Ui6Uf873gKkQIQiI9bsre-QS0MS2qCqK7_I7VZH_0f4UQt6s4736MLo/s320/ballesteros.jpg
Enzo Francescoli,Delantero,2,"1986, 1990","River Plate, Marsella","Argentina, Francia",12 de noviembre de 1961,11/12/1961,Montevideo,Montevideo,Uruguay,-34.90550,-56.18511,https://es.wikipedia.org/wiki/Enzo_Francescoli,https://www.auf.org.uy/imagenes/img_contenido/seleccion_jugador/a/enxofrancescoli.jpg
Ernesto Mascheroni,Defensa,1,1930,Peñarol,Uruguay,21 de noviembre de 1907,11/21/1907,Montevideo,Montevideo,Uruguay,-34.90550,-56.18511,https://es.wikipedia.org/wiki/Ernesto_Mascheroni,https://www.auf.org.uy/imagenes/img_contenido/seleccion_jugador/a/ernesto_mascheroni.jpg
Ernesto Vidal,Delantero,1,1950,Peñarol,Uruguay,15 de noviembre de 1921,11/15/1921,Buje (anteriormente Buie d'Istria),,Croacia (anteriormente Italia),45.40832,13.65881,https://es.wikipedia.org/wiki/Ernesto_Vidal,https://www.auf.org.uy/imagenes/img_contenido/seleccion_jugador/a/ernesto_vidal_.jpg
Eusebio Tejera,Defensa,2,"1950, 1954","Nacional, Defensor",Uruguay,6 de enero de 1922,1/6/1922,Montevideo,Montevideo,Uruguay,-34.90550,-56.18511,https://es.wikipedia.org/wiki/Eusebio_Tejera,https://www.auf.org.uy/imagenes/img_contenido/seleccion_jugador/a/eusebio_tejera_.jpg
Fabián Carini,Guardameta,1,2002,Juventus,Italia,26 de diciembre de 1979,12/26/1979,Montevideo,Montevideo,Uruguay,-34.90550,-56.18511,https://es.wikipedia.org/wiki/Fabián_Carini,https://www.auf.org.uy/imagenes/img_contenido/seleccion_jugador/a/fabian_carini4.jpg
Fabián O'Neill,Delantero,1,2002,Perugia,Italina,14 de octubre de 1973,10/14/1973,Paso de los Toros,Tacuarembó,Uruguay,-32.81076,-56.52030,https://es.wikipedia.org/wiki/Fabián_O'Neill,https://www.auf.org.uy/imagenes/img_contenido/seleccion_jugador/a/fabian_o-neil.jpg
Facundo Pellistri,Delantero,2,"2022, 2026","Manchester United, Panathinaikos","Inglaterra, Grecia",20 de diciembre de 2001,12/20/2001,Montevideo,Montevideo,Uruguay,-34.90550,-56.18511,https://es.wikipedia.org/wiki/Facundo_Pellistri,https://www.auf.org.uy/imagenes/img_contenido/seleccion_jugador/a/pellistri-facundo-ct.jpg
Facundo Torres,Delantero,1,2022,Orlando City,Estados Unidos,13 de abril de 2000,4/13/2000,Montevideo,Montevideo,Uruguay,-34.90550,-56.18511,https://es.wikipedia.org/wiki/Facundo_Torres,https://www.auf.org.uy/imagenes/img_contenido/seleccion_jugador/a/facuuu.png
Federico Elduayen,Guardameta,1,2002,Peñarol,Uruguay,25 de junio de 1977,6/25/1977,Fray Bentos,Río Negro,Uruguay,-33.12729,-58.29883,https://es.wikipedia.org/wiki/Federico_Elduayen,https://www.elrionegrense.com.uy/wp-content/uploads/2022/06/FEDERICO-ELDUAYEN-ARQUERO-NOTA-PRINCIPAL-FOTO-universitariodesucre.blogspot.com-1-1.jpg#https://www.elrionegrense.com.uy/wp-content/uploads/2022/06/FEDERICO-ELDUAYEN-ARQUERO-NOTA-PRINCIPAL-FOTO-universitariodesucre.blogspot.com-1-1.jpg
Federico Magallanes,Delantero,1,2002,Venezia,Italia,22 de agosto de 1976,8/22/1976,Montevideo,Montevideo,Uruguay,-34.90550,-56.18511,https://es.wikipedia.org/wiki/Federico_Magallanes,https://www.auf.org.uy/imagenes/img_contenido/seleccion_jugador/a/federico_magallanes_gettyimages.jpg
Federico Valverde,Centrocampista,2,"2022, 2026","Real Madrid, Real Madrid","España, España",22 de julio de 1998,7/22/1998,Montevideo,Montevideo,Uruguay,-34.90550,-56.18511,https://es.wikipedia.org/wiki/Federico_Valverde,https://www.auf.org.uy/imagenes/img_contenido/seleccion_jugador/a/valverde-federico-ct.jpg
Felipe Revelez,Defensa,1,1990,Nacional,Uruguay,30 de septiembre de 1959,9/30/1959,Rocha,Rocha,Uruguay,-34.48107,-54.32904,https://es.wikipedia.org/wiki/Daniel_Felipe_Revelez,https://www.auf.org.uy/imagenes/img_contenido/seleccion_jugador/a/felipe_revelez_un.jpg
Fernando Morena,Delantero,1,1974,Peñarol,Uruguay,2 de febrero de 1952,2/2/1952,Montevideo,Montevideo,Uruguay,-34.90550,-56.18511,https://es.wikipedia.org/wiki/Fernando_Morena,https://www.auf.org.uy/imagenes/img_contenido/seleccion_jugador/a/fernando_morena_gv.jpg
Fernando Muslera,Guardameta,5,"2010, 2014, 2018, 2022, 2026","Lazio, Galatasaray, Galatasaray, Galatasaray, Estudiantes de La Plata","Italia, Turquía, Turquía, Turquía, Argentina",16 de junio de 1986,6/16/1986,Buenos Aires,,Argentina,-34.60367,-58.38212,https://es.wikipedia.org/wiki/Fernando_Muslera,https://www.auf.org.uy/imagenes/img_contenido/seleccion_jugador/a/muslera.jpg
Fernando Álvez,Guardameta,2,"1986, 1990",Peñarol,Uruguay,4 de septiembre de 1959,9/4/1959,Montevideo,Montevideo,Uruguay,-34.90550,-56.18511,https://es.wikipedia.org/wiki/Fernando_Álvez,https://www.auf.org.uy/imagenes/img_contenido/seleccion_jugador/a/fernando_alvez_giovinatti2.jpg
Francisco Cámera,Defensa,1,1970,Bella Vista,Uruguay,1 de enero de 1944,1/1/1944,Montevideo,Montevideo,Uruguay,-34.90550,-56.18511,https://en.wikipedia.org/wiki/Francisco_C%C3%A1mera,https://upload.wikimedia.org/wikipedia/commons/7/7c/Francisco_C%C3%A1mera.jpg
Gabriel Correa,Centrocampista,1,1990,Peñarol,Uruguay,13 de enero de 1968,1/13/1968,Montevideo,Montevideo,Uruguay,-34.90550,-56.18511,https://es.wikipedia.org/wiki/Carlos_Gabriel_Correa_Viana,https://www.auf.org.uy/imagenes/img_contenido/seleccion_jugador/a/gabriel_correa_2.jpg
Gastón Ramírez,Centrocampista,1,2014,Southampton FC,Inglaterra,2 de diciembre de 1990,12/2/1990,Fray Bentos,Río Negro,Uruguay,-33.12729,-58.29883,https://es.wikipedia.org/wiki/Gastón_Ramírez,https://www.auf.org.uy/imagenes/img_contenido/seleccion_jugador/a/gaston_ramirez_auf.jpg
Gastón Silva,Defensa,1,2018,Independiente,Argentina,5 de marzo de 1994,3/5/1994,Salto,Salto,Uruguay,-31.38794,-57.96118,https://es.wikipedia.org/wiki/Gastón_Silva,https://auf.org.uy/imagenes/img_contenido/seleccion_jugador/a/gaston_silva.jpg
Gianni Guigou,Centrocampista,1,2002,Roma,Italia,22 de febrero de 1975,2/22/1975,Nueva Palmira,Colonia,Uruguay,-33.87427,-58.40708,https://es.wikipedia.org/wiki/Gianni_Guigou,https://www.auf.org.uy/imagenes/img_contenido/seleccion_jugador/a/gianni_guigou_pa.jpg
Giorgian De Arrascaeta,Centrocampista,3,"2018, 2022, 2026","Cruzeiro, Flamengo,  Flamengo","Brasil, Brasil, Brasil",1 de junio de 1994,6/1/1994,Nuevo Berlín,Río Negro,Uruguay,-32.97971,-58.05701,https://es.wikipedia.org/wiki/Giorgian_De_Arrascaeta,https://www.auf.org.uy/imagenes/img_contenido/seleccion_jugador/a/de-arrascaeta-giorgian-ct.jpg
Gonzalo Sorondo,Defensa,1,2002,Inter de Milán,Italia,9 de octubre de 1979,10/9/1979,Montevideo,Montevideo,Uruguay,-34.90550,-56.18511,https://es.wikipedia.org/wiki/Gonzalo_Sorondo,https://www.auf.org.uy/imagenes/img_contenido/seleccion_jugador/a/gonzalo_sorondo_pa.jpg
Gonzalo de los Santos,Centrocampista,1,2002,Valencia,España,19 de julio de 1976,7/19/1976,Salto,Salto,Uruguay,-31.38794,-57.96118,https://es.wikipedia.org/wiki/Gonzalo_de_los_Santos,https://www.auf.org.uy/imagenes/img_contenido/seleccion_jugador/a/gonzalo_de_los_santos_gettyimages.jpg
Guillermo Escalada,Delantero,1,1962,Nacional,Uruguay,24 de abril de 1936,4/24/1936,Montevideo,Montevideo,Uruguay,-34.90550,-56.18511,https://es.wikipedia.org/wiki/Guillermo_Escalada,https://www.auf.org.uy/imagenes/img_contenido/seleccion_jugador/a/guillermo_escalada_.jpg
Guillermo Varela,Defensa,3,"2018, 2022, 2026","Peñarol, Flamengo, Flamengo","Uruguay, Brasil, Brasil",24 de marzo de 1993,3/24/1993,Montevideo,Montevideo,Uruguay,-34.90550,-56.18511,https://es.wikipedia.org/wiki/Guillermo_Varela,https://www.auf.org.uy/imagenes/img_contenido/seleccion_jugador/a/varela-guillermo-ct.jpg
Gustavo De Simone,Defensa,1,1974,Defensor Sporting,Uruguay,23 de abril de 1948,4/23/1948,Montevideo,Montevideo,Uruguay,-34.90550,-56.18511,https://es.wikipedia.org/wiki/Gustavo_De_Simone,https://www.auf.org.uy/imagenes/img_contenido/seleccion_jugador/a/gustavo_de_simone_.jpg
Gustavo Fernández,Guardameta,1,1974,Rentistas,Uruguay,16 de febrero de 1952,2/16/1952,Montevideo,Montevideo,Uruguay,-34.90550,-56.18511,https://es.wikipedia.org/wiki/Gustavo_Fernández_(futbolista_uruguayo),https://www.auf.org.uy/imagenes/img_contenido/seleccion_jugador/a/gustavo_fernandez_.jpg
Gustavo Mendez,Defensa,1,2002,Nacional,Uruguay,3 de febrero de 1971,2/3/1971,Montevideo,Montevideo,Uruguay,-34.90550,-56.18511,https://es.wikipedia.org/wiki/Gustavo_Mendez,https://www.auf.org.uy/imagenes/img_contenido/seleccion_jugador/a/gustavo_mendez_pa2.jpg
Gustavo Munúa,Guardameta,1,2002,Nacional,Uruguay,27 de enero de 1978,1/27/1978,Montevideo,Montevideo,Uruguay,-34.90550,-56.18511,https://es.wikipedia.org/wiki/Gustavo_Munúa,https://www.auf.org.uy/imagenes/img_contenido/seleccion_jugador/a/gustavo_munua_precision-football.jpg
Gustavo Varela,Centrocampista,1,2002,Nacional,Uruguay,14 de mayo de 1978,5/14/1978,Montevideo,Montevideo,Uruguay,-34.90550,-56.18511,https://es.wikipedia.org/wiki/Gustavo_Antonio_Varela,https://www.auf.org.uy/imagenes/img_contenido/seleccion_jugador/a/gustavo_varela_pa.jpg
Horacio Troche,Defensa,2,"1962, 1966","Nacional, Cerro",Uruguay,4 de febrero de 1935,2/4/1935,Nueva Helvecia,Colonia,Uruguay,-34.29074,-57.23528,https://es.wikipedia.org/wiki/Horacio_Troche,https://www.auf.org.uy/imagenes/img_contenido/seleccion_jugador/a/horacio_troche_.jpg
Hugo De León,Defensa,1,1990,River Plate,Argentina,27 de febrero de 1958,2/27/1958,Rivera,Rivera,Uruguay,-30.90306,-55.54211,https://es.wikipedia.org/wiki/Hugo_De_León,https://www.auf.org.uy/imagenes/img_contenido/seleccion_jugador/a/hugo_de_leon_un.jpg
Héctor Castro,Delantero,1,1930,Nacional,Uruguay,29 de noviembre de 1904,11/29/1904,Montevideo,Montevideo,Uruguay,-34.90550,-56.18511,https://es.wikipedia.org/wiki/Héctor_Castro,https://www.auf.org.uy/imagenes/img_contenido/seleccion_jugador/a/hector_castro.jpg
Héctor Salvá,Delantero,1,1966,Danubio,Uruguay,27 de noviembre de 1939,11/27/1939,Montevideo,Montevideo,Uruguay,-34.90550,-56.18511,https://es.wikipedia.org/wiki/Héctor_Salvá,https://www.auf.org.uy/imagenes/img_contenido/seleccion_jugador/a/hector_salva.jpg
Héctor Santos,Guardameta,2,"1970, 1974","Bella Vista, Alianza Lima",Perú,29 de octubre de 1944,10/29/1944,Montevideo,Montevideo,Uruguay,-34.90550,-56.18511,https://es.wikipedia.org/wiki/Héctor_Santos_(futbolista_uruguayo),https://www.auf.org.uy/imagenes/img_contenido/seleccion_jugador/a/hector_santos_.jpg
Héctor Scarone,Delantero,1,1930,Nacional,Uruguay,26 de noviembre de 1898,1898-11-26,Montevideo,Montevideo,Uruguay,-34.90550,-56.18511,https://es.wikipedia.org/wiki/Héctor_Scarone,https://www.auf.org.uy/imagenes/img_contenido/seleccion_jugador/a/hector_scarone.jpg
Héctor Silva,Delantero,2,"1962, 1966","Danubio, Peñarol",Uruguay,1 de febrero de 1940,2/1/1940,Montevideo,Montevideo,Uruguay,-34.90550,-56.18511,https://es.wikipedia.org/wiki/Héctor_Silva,https://www.auf.org.uy/imagenes/img_contenido/seleccion_jugador/a/hector_silva_.jpg
Héctor Vilches,Defensa,1,1950,Cerro,Uruguay,14 de febrero de 1926,2/14/1926,Montevideo,Montevideo,Uruguay,-34.90550,-56.18511,https://es.wikipedia.org/wiki/Héctor_Vilches,https://www.auf.org.uy/imagenes/img_contenido/seleccion_jugador/a/hector_vilches_2.jpg
Ignacio González,Centrocampista,1,2010,Valencia,España,14 de mayo de 1982,5/14/1982,Montevideo,Montevideo,Uruguay,-34.90550,-56.18511,https://es.wikipedia.org/wiki/Ignacio_González_Gatti,https://www.auf.org.uy/imagenes/img_contenido/seleccion_jugador/a/ignacio_gonzalez_gettyimages.jpg
Ildo Maneiro,Centrocampista,1,1970,Nacional,Uruguay,4 de agosto de 1947,8/4/1947,Mercedes,Soriano,Uruguay,-33.24863,-58.01876,https://es.wikipedia.org/wiki/Ildo_Maneiro,https://www.auf.org.uy/imagenes/img_contenido/seleccion_jugador/a/ildo_maneiro_.jpg
Javier Ambrois,Delantero,1,1954,Nacional,Uruguay,9 de mayo de 1932,5/9/1932,Montevideo,Montevideo,Uruguay,-34.90550,-56.18511,https://es.wikipedia.org/wiki/Javier_Ambrois,https://www.auf.org.uy/imagenes/img_contenido/seleccion_jugador/a/javier_ambrois_2.jpg
Javier Zeoli,Guardameta,1,1990,Tenerife,España,2 de mayo de 1962,5/2/1962,Montevideo,Montevideo,Uruguay,-34.90550,-56.18511,https://es.wikipedia.org/wiki/Javier_Zeoli,https://www.auf.org.uy/imagenes/img_contenido/seleccion_jugador/a/javier_zeoli_un.jpg
Joe Bizera,Defensa,1,2002,Peñarol,Uruguay,17 de mayo de 1980,5/17/1980,Artigas,Artigas,Uruguay,-30.40432,-56.46923,https://es.wikipedia.org/wiki/Joe_Bizera,https://www.auf.org.uy/imagenes/img_contenido/seleccion_jugador/a/joe_bizera_afp.jpg
Jonathan Urretaviscaya,Centrocampista,1,2018,Monterrey,México,19 de marzo de 1990,3/19/1990,Montevideo,Montevideo,Uruguay,-34.90550,-56.18511,https://es.wikipedia.org/wiki/Jonathan_Urretaviscaya,https://www.auf.org.uy/imagenes/img_contenido/seleccion_jugador/a/jonathan_urretaviscaya_auf.jpg
Jorge Barrios,Centrocampista,1,1986,Olympiakos,Grecia,24 de enero de 1961,1/24/1961,Las Piedras,Canelones,Uruguay,-34.72699,-56.21596,https://es.wikipedia.org/wiki/Jorge_Barrios,https://www.auf.org.uy/imagenes/img_contenido/seleccion_jugador/a/jorge_barrios_un.jpg
Jorge Fucile,Defensa,2,"2010, 2014","FC Porto, FC Porto","Portugal, Portugal",19 de noviembre de 1984,11/19/1984,Montevideo,Montevideo,Uruguay,-34.90550,-56.18511,https://es.wikipedia.org/wiki/Jorge_Fucile,https://www.auf.org.uy/imagenes/img_contenido/seleccion_jugador/a/jorge_fucile_gettyimages.jpg
Jorge Manicera,Defensa,1,1966,Nacional,Uruguay,4 de noviembre de 1938,11/4/1938,Montevideo,Montevideo,Uruguay,-34.90550,-56.18511,https://es.wikipedia.org/wiki/Jorge_Manicera,https://www.auf.org.uy/imagenes/img_contenido/seleccion_jugador/a/jorge_manicera_.jpg
Jorge da Silva,Delantero,1,1986,Atlético Madrid,España,11 de diciembre de 1961,12/11/1961,Montevideo,Montevideo,Uruguay,-34.90550,-56.18511,https://es.wikipedia.org/wiki/Jorge_da_Silva,https://www.auf.org.uy/imagenes/img_contenido/seleccion_jugador/a/jorge_da_silva_un.jpg
José Batista,Defensa,1,1986,Deportivo Español,Argentina,6 de marzo de 1962,3/6/1962,Colonia del Sacramento,Colonia,Uruguay,-34.46353,-57.83460,https://es.wikipedia.org/wiki/José_Batista,https://www.auf.org.uy/imagenes/img_contenido/seleccion_jugador/a/jose_batista_un2.jpg
José Gómez,Delantero,1,1974,Cerro,Uruguay,23 de octubre de 1949,10/23/1949,Paysandú,Paysandú,Uruguay,-32.31683,-58.08005,https://www.transfermarkt.es/jose-gomez/profil/spieler/143464,https://www.auf.org.uy/imagenes/img_contenido/seleccion_jugador/a/jose_gervasio_gomez_gettyimages.jpg
José Herrera,Defensa,1,1990,Figueres,España,17 de junio de 1965,6/17/1965,Tala,Canelones,Uruguay,-34.34346,-55.76313,https://es.wikipedia.org/wiki/José_Óscar_Herrera,https://www.auf.org.uy/imagenes/img_contenido/seleccion_jugador/a/herrerajose.jpg
José Leandro Andrade,Centrocampista,1,1930,Nacional,Uruguay,22 de noviembre de 1901,11/22/1901,Salto,Salto,Uruguay,-31.38794,-57.96118,https://es.wikipedia.org/wiki/José_Leandro_Andrade,https://www.auf.org.uy/imagenes/img_contenido/seleccion_jugador/a/jose_leandro_andrade_2.jpg
José Luis Pintos Saldanha,Defensa,1,1990,Nacional,Uruguay,25 de marzo de 1964,3/25/1964,Artigas,Artigas,Uruguay,-30.40432,-56.46923,https://es.wikipedia.org/wiki/José_Luis_Pintos_Saldanha,https://www.auf.org.uy/imagenes/img_contenido/seleccion_jugador/a/jose_luis_pintos_saldanha_un.jpg
José Luis Rodríguez,Defensa,1,2022,Nacional,Uruguay,14 de marzo de 1997,3/14/1997,Canelones,Canelones,Uruguay,-34.52468,-56.28121,https://es.wikipedia.org/wiki/José_Luis_Rodríguez_Bebanz,https://www.auf.org.uy/imagenes/img_contenido/seleccion_jugador/a/pumita111222.png
José Luis Zalazar,Centrocampista,1,1986,Peñarol,Uruguay,26 de octubre de 1963,10/26/1963,Montevideo,Montevideo,Uruguay,-34.90550,-56.18511,https://es.wikipedia.org/wiki/José_Luis_Zalazar,https://www.auf.org.uy/imagenes/img_contenido/seleccion_jugador/a/zalazarjl.jpg
José María Giménez,Defensa,4,"2014, 2018, 2022, 2026","Atlético de Madrid, Atlético de Madrid, Atlético de Madrid, Atlético de Madrid","España, España, España, España",20 de enero de 1995,1/20/1995,Toledo,Canelones,Uruguay,-34.74032,-56.09246,https://es.wikipedia.org/wiki/José_María_Giménez,https://www.auf.org.uy/imagenes/img_contenido/seleccion_jugador/a/gimenez-jose-maria-ct.jpg
José Nasazzi,Defensa,1,1930,Bella Vista,Uruguay,24 de marzo de 1901,3/24/1901,Montevideo,Montevideo,Uruguay,-34.90550,-56.18511,https://es.wikipedia.org/wiki/José_Nasazzi,https://www.auf.org.uy/imagenes/img_contenido/seleccion_jugador/a/jose_nasazzi_2.jpg
José Pedro Cea,Delantero,1,1930,Nacional,Uruguay,1 de septiembre de 1900,9/1/1900,Redondela,,España,42.28185,-8.60917,https://es.wikipedia.org/wiki/José_Pedro_Cea,https://www.auf.org.uy/imagenes/img_contenido/seleccion_jugador/a/pedr_cea_2.jpg
José Perdomo,Centrocampista,1,1990,Genoa,Italia,6 de enero de 1965,1/6/1965,Salto,Salto,Uruguay,-31.38794,-57.96118,https://es.wikipedia.org/wiki/José_Perdomo,https://upload.wikimedia.org/wikipedia/commons/thumb/a/a7/Jos%C3%A9_Perdomo.jpg/250px-Jos%C3%A9_Perdomo.jpg
José Santamaría,Defensa,1,1954,Nacional,Uruguay,31 de julio de 1929,7/31/1929,Montevideo,Montevideo,Uruguay,-34.90550,-56.18511,https://es.wikipedia.org/wiki/José_Santamaría,https://upload.wikimedia.org/wikipedia/commons/thumb/b/b9/Jos%C3%A9_Santamar%C3%ADa_1976.jpg/250px-Jos%C3%A9_Santamar%C3%ADa_1976.jpg
José Sasía,Delantero,2,"1962, 1966","Peñarol, Defensor","Uruguay, Uruguay",27 de diciembre de 1933,12/27/1933,Treinta y Tres,Treinta y Tres,Uruguay,-33.23214,-54.38668,https://es.wikipedia.org/wiki/José_Sasía,https://upload.wikimedia.org/wikipedia/commons/thumb/f/f4/PepeSas%C3%ADa.png/250px-PepeSas%C3%ADa.png
José Urruzmendi,Delantero,1,1966,Nacional,Uruguay,25 de agosto de 1944,8/25/1944,Montevideo,Montevideo,Uruguay,-34.90550,-56.18511,https://es.wikipedia.org/wiki/José_Urruzmendi,https://www.auf.org.uy/imagenes/img_contenido/seleccion_jugador/a/jose_urruzmendi.jpg
Juan Alberto Schiaffino,Delantero,2,"1950, 1954","Peñarol, Peñarol","Uruguay, Uruguay",28 de julio de 1925,7/28/1925,Montevideo,Montevideo,Uruguay,-34.90550,-56.18511,https://es.wikipedia.org/wiki/Juan_Alberto_Schiaffino,https://upload.wikimedia.org/wikipedia/commons/1/1d/Schiaffino_%28cropped%29.jpg
Juan Burgueño,Delantero,1,1950,Danubio,Uruguay,4 de febrero de 1923,2/4/1923,Montevideo,Montevideo,Uruguay,-34.90550,-56.18511,https://es.wikipedia.org/wiki/Juan_Burgueño,https://www.auf.org.uy/imagenes/img_contenido/seleccion_jugador/a/juan_burgueno_.jpg
Juan Carlos Calvo,Delantero,1,1930,Miramar,Uruguay,26 de junio de 1906,6/26/1906,Montevideo,Montevideo,Uruguay,-34.90550,-56.18511,https://es.wikipedia.org/wiki/Juan_Carlos_Calvo,https://www.auf.org.uy/imagenes/img_contenido/seleccion_jugador/a/juan_carlos_calvo_.jpg
Juan Carlos González,Centrocampista,1,1950,Peñarol,Uruguay,22 de agosto de 1924,8/22/1924,Colonia del Sacramento,Colonia,Uruguay,-34.46353,-57.83460,https://es.wikipedia.org/wiki/Juan_Carlos_González_Ortiz,https://www.auf.org.uy/imagenes/img_contenido/seleccion_jugador/a/juan_carlos_gonzalez.jpg
Juan Carlos Masnik,Defensa,1,1974,Nacional,Uruguay,2 de marzo de 1943,3/2/1943,"El Tala, Soriano",Soriano,Uruguay,-33.20831,-57.41738,https://es.wikipedia.org/wiki/Juan_Masnik,https://www.auf.org.uy/imagenes/img_contenido/seleccion_jugador/a/juan_masnik_.jpg
Juan Castillo,Guardameta,1,2010,Deportivo Cali,Colombia,17 de abril de 1978,4/17/1978,Durazno,Durazno,Uruguay,-33.37896,-56.52452,https://es.wikipedia.org/wiki/Juan_Guillermo_Castillo,https://upload.wikimedia.org/wikipedia/commons/0/04/Juan_Castillo_2.JPG
Juan Eduardo Hohberg,Delantero,1,1954,Peñarol,Uruguay,8 de octubre de 1927,10/8/1927,"Alejo Ledesma, Córdoba",,Argentina,-33.60636,-62.62412,https://es.wikipedia.org/wiki/Juan_Eduardo_Hohberg,https://upload.wikimedia.org/wikipedia/commons/7/7f/Juan_Hohberg.png
Juan Martín Mugica,Defensa,1,1970,Nacional,Uruguay,22 de diciembre de 1943,12/22/1943,"Casa Blanca, Paysandú",Paysandú,Uruguay,-32.39756,-58.15900,https://es.wikipedia.org/wiki/Juan_Martín_Mugica,https://upload.wikimedia.org/wikipedia/commons/thumb/5/5c/Juan_Mujica.png/250px-Juan_Mujica.png
Juan Peregrino Anselmo,Delantero,1,1930,Peñarol,Uruguay,30 de abril de 1902,4/30/1902,Montevideo,Montevideo,Uruguay,-34.90550,-56.18511,https://es.wikipedia.org/wiki/Juan_Peregrino_Anselmo,https://upload.wikimedia.org/wikipedia/commons/0/01/Juan_Anselmo.jpg
Juan Ramón Silva,Delantero,1,1974,Peñarol,Uruguay,5 de agosto de 1948,8/5/1948,Paso de los Toros,Tacuarembó,Uruguay,-32.81076,-56.52030,https://es.wikipedia.org/wiki/Juan_Ramón_Silva,https://upload.wikimedia.org/wikipedia/commons/thumb/0/0a/RIVER_PLATE-AUCAS_%2816411989891%29.jpg/330px-RIVER_PLATE-AUCAS_%2816411989891%29.jpg
Julio César Abbadie,Delantero,1,1954,Peñarol,Uruguay,7 de setiembre de 1930,9/7/1930,San Ramón,Canelones,Uruguay,-34.29073,-55.95739,https://es.wikipedia.org/wiki/Julio_César_Abbadie,https://upload.wikimedia.org/wikipedia/commons/a/a3/Julio_Abbadie_%28cropped%29.jpg
Julio César Britos,Delantero,1,1950,Peñarol,Uruguay,18 de mayo de 1926,5/18/1926,Montevideo,Montevideo,Uruguay,-34.90550,-56.18511,https://es.wikipedia.org/wiki/Julio_César_Britos,https://www.auf.org.uy/imagenes/img_contenido/seleccion_jugador/a/julio_cesar_britos_.jpg
Julio César Cortés,Centrocampista,3,"1962, 1966, 1970","Sud América, Peñarol, Peñarol","Uruguay, Uruguay, Uruguay",29 de marzo de 1941,3/29/1941,Montevideo,Montevideo,Uruguay,-34.90550,-56.18511,https://es.wikipedia.org/wiki/Julio_César_Cortés,https://upload.wikimedia.org/wikipedia/commons/8/8e/Julio_C%C3%A9sar_Cort%C3%A9s.png
Julio César Giménez,Centrocampista,1,1974,Peñarol,Uruguay,27 de agosto de 1954,8/27/1954,Artigas,Artigas,Uruguay,-30.40432,-56.46923,https://es.wikipedia.org/wiki/Julio_César_Giménez_(futbolista),https://www.auf.org.uy/imagenes/img_contenido/seleccion_jugador/a/julio_cesar_jimenez_gv.jpg
Julio César Morales,Delantero,1,1970,Nacional,Uruguay,16 de febrero de 1945,2/16/1945,Montevideo,Montevideo,Uruguay,-34.90550,-56.18511,https://es.wikipedia.org/wiki/Julio_César_Morales,https://upload.wikimedia.org/wikipedia/commons/d/de/Julio_C%C3%A9sar_Morales.jpg
Julio Losada,Delantero,1,1970,Peñarol,Uruguay,16 de junio de 1950,6/16/1950,Montevideo,Montevideo,Uruguay,-34.90550,-56.18511,https://www.auf.org.uy/julio-losada/,https://www.auf.org.uy/imagenes/img_contenido/seleccion_jugador/a/julio_losada_.jpg
Julio Maceiras,Guardameta,1,1954,Danubio,Uruguay,22 de abril de 1926,4/22/1926,Montevideo,Montevideo,Uruguay,-34.90550,-56.18511,https://es.wikipedia.org/wiki/Julio_Maceiras,https://www.auf.org.uy/imagenes/img_contenido/seleccion_jugador/a/julio_maceiras_.jpg
Julio Montero Castillo,Centrocampista,2,"1970, 1974","Nacional, Granada",España,25 de abril de 1944,4/25/1944,Montevideo,Montevideo,Uruguay,-34.90550,-56.18511,https://es.wikipedia.org/wiki/Julio_Montero_Castillo,https://upload.wikimedia.org/wikipedia/commons/thumb/6/60/Julio_Montero_Castillo_%281974%29.jpg/250px-Julio_Montero_Castillo_%281974%29.jpg
Julio Pérez,Delantero,2,"1950, 1954","River Plate, Nacional",Uruguay,19 de junio de 1926,6/19/1926,Montevideo,Montevideo,Uruguay,-34.90550,-56.18511,https://es.wikipedia.org/wiki/Julio_Pérez_(futbolista),https://upload.wikimedia.org/wikipedia/commons/thumb/3/38/Urug1950.jpg/250px-Urug1950.jpg
Ladislao Mazurkiewicz,Guardameta,3,"1966, 1970, 1974","Peñarol, Peñarol, Atlético Mineiro","Uruguay, Uruguay, Brasil",14 de febrero de 1945,2/14/1945,Piriápolis,Maldonado,Uruguay,-34.86586,-55.27554,https://es.wikipedia.org/wiki/Ladislao_Mazurkiewicz,https://upload.wikimedia.org/wikipedia/commons/thumb/d/df/WK_74_training_Uruguay_in_Duitsburg%2C_keeper_Mazurkievic_laat_zijn_handen_zien%2C_Bestanddeelnr_927-2464.jpg/250px-WK_74_training_Uruguay_in_Duitsburg%2C_keeper_Mazurkievic_laat_zijn_handen_zien%2C_Bestanddeelnr_927-2464.jpg
Lorenzo Fernández,Centrocampista,1,1930,Peñarol,Uruguay,20 de mayo de 1900,5/20/1900,Redondela,,España,42.28185,-8.60917,https://es.wikipedia.org/wiki/Lorenzo_Fernández_(futbolista),https://www.auf.org.uy/imagenes/img_contenido/seleccion_jugador/a/lorenzo_fernandez_.jpg
Lucas Torreira,Centrocampista,2,"2018, 2022","Sampdoria, Galatasaray","Italia, Turquía",11 de febrero de 1996,2/11/1996,Fray Bentos,Río Negro,Uruguay,-33.12729,-58.29883,https://es.wikipedia.org/wiki/Lucas_Torreira,https://upload.wikimedia.org/wikipedia/commons/thumb/e/e9/Lucas_Torreira.jpg/250px-Lucas_Torreira.jpg
Luis Alberto Cruz,Centrocampista,1,1954,Nacional,Uruguay,28 de abril de 1925,4/28/1925,Montevideo,Montevideo,Uruguay,-34.90550,-56.18511,https://es.wikipedia.org/wiki/Luis_Alberto_Cruz,https://upload.wikimedia.org/wikipedia/commons/7/7e/Luis_Alberto_Cruz%2C_Estadio%2C_1951-02-24_%28406%29.jpg
Luis Cubilla,Delantero,3,"1962, 1970, 1974","Peñarol, Nacional","Uruguay, Uruguay",28 de marzo de 1940,3/28/1940,Paysandú,Paysandú,Uruguay,-32.31683,-58.08005,https://es.wikipedia.org/wiki/Luis_Cubilla,https://upload.wikimedia.org/wikipedia/commons/5/5c/LuisCubilla1984.png
Luis Ernesto Castro,Delantero,1,1954,Defensor,Uruguay,31 de julio de 1921,7/31/1921,Montevideo,Montevideo,Uruguay,-34.90550,-56.18511,https://es.wikipedia.org/wiki/Luis_Ernesto_Castro,https://upload.wikimedia.org/wikipedia/commons/a/ac/Luis_Ernesto_Castro%2C_Estadio%2C_1948-03-06_%28251%29_%28cropped%29.jpg
Luis Garisto,Centrocampista,1,1974,Peñarol,Uruguay,3 de diciembre de 1945,12/3/1945,Montevideo,Montevideo,Uruguay,-34.90550,-56.18511,https://es.wikipedia.org/wiki/Luis_Garisto,https://upload.wikimedia.org/wikipedia/commons/thumb/8/85/Luis_Garisto_%28cropped%29.jpg/250px-Luis_Garisto_%28cropped%29.jpg
Luis Maidana,Guardameta,1,1962,Peñarol,Uruguay,22 de febrero de 1934,2/22/1934,Piriápolis,Maldonado,Uruguay,-34.86586,-55.27554,https://es.wikipedia.org/wiki/Luis_Maidana,https://upload.wikimedia.org/wikipedia/commons/thumb/4/41/Pe%C3%B1arol_-_campeon_de_america_1961.jpg/250px-Pe%C3%B1arol_-_campeon_de_america_1961.jpg
Luis Ramos,Defensa,1,1966,Nacional,Uruguay,9 de octubre de 1939,10/9/1939,Montevideo,Montevideo,Uruguay,-34.90550,-56.18511,"https://es.wikipedia.org/wiki/Luis_Ramos_(futbolista_uruguayo,_1939)",https://www.auf.org.uy/imagenes/img_contenido/seleccion_jugador/a/luis_ramos_.jpg
Luis Rijo,Delantero,1,1950,Central,Uruguay,28 de septiembre de 1927,9/28/1927,Montevideo,Montevideo,Uruguay,-34.90550,-56.18511,https://es.wikipedia.org/wiki/Luis_Rijo,https://www.auf.org.uy/imagenes/img_contenido/seleccion_jugador/a/lusirijo222.jpg
Luis Suárez,Delantero,4,"2010, 2014, 2018, 2022","Ajax Ámsterdam, Liverpool, Barcelona, Nacional","Países Bajos, Inglaterra, España, Uruguay",24 de enero de 1987,1/24/1987,Salto,Salto,Uruguay,-31.38794,-57.96118,https://es.wikipedia.org/wiki/Luis_Alberto_Suárez,https://www.auf.org.uy/imagenes/img_contenido/seleccion_jugador/a/suarez-luis-ct.jpg
Luis Ubiña,Defensa,2,"1966, 1970","Rampla Juniors, Nacional","Uruguay, Uruguay",7 de junio de 1940,6/7/1940,Montevideo,Montevideo,Uruguay,-34.90550,-56.18511,https://es.wikipedia.org/wiki/Luis_Ubiña,https://upload.wikimedia.org/wikipedia/commons/thumb/5/5d/Luis_Ubi%C3%B1a_1970.jpg/250px-Luis_Ubi%C3%B1a_1970.jpg
Manuel Ugarte,Centrocampista,2,"2022, 2026","Sporting de Lisboa, Manchester United","Portugal, Inglaterra",11 de abril de 2001,4/11/2001,Montevideo,Montevideo,Uruguay,-34.90550,-56.18511,https://es.wikipedia.org/wiki/Manuel_Ugarte_(futbolista),https://upload.wikimedia.org/wikipedia/commons/thumb/2/2e/M.UGARTE.jpg/250px-M.UGARTE.jpg
Marcelo Romero,Centrocampista,1,2002,Málaga,España,4 de julio de 1976,7/4/1976,Montevideo,Montevideo,Uruguay,-34.90550,-56.18511,https://es.wikipedia.org/wiki/Marcelo_Romero,https://www.auf.org.uy/imagenes/img_contenido/seleccion_jugador/a/marcelo_romero_gettyimages.jpg
Mario Ludovico Bergara,Delantero,1,1962,Nacional,Uruguay,1 de diciembre de 1937,12/1/1937,Montevideo,Montevideo,Uruguay,-34.90550,-56.18511,https://en.wikipedia.org/wiki/Mario_Bergara_(footballer),https://www.auf.org.uy/imagenes/img_contenido/seleccion_jugador/a/mario_bergara_.jpg
Mario Omar Méndez,Defensa,1,1962,Nacional,Uruguay,11 de mayo de 1938,5/11/1938,Montevideo,Montevideo,Uruguay,-34.90550,-56.18511,https://www.auf.org.uy/mario-mendez/,https://www.auf.org.uy/imagenes/img_contenido/seleccion_jugador/a/mario_mendez_.jpg
Mario Regueiro,Centrocampista,1,2002,Racing de Santander,España,14 de septiembre de 1978,9/14/1978,Montevideo,Montevideo,Uruguay,-34.90550,-56.18511,https://es.wikipedia.org/wiki/Mario_Ignacio_Regueiro,https://upload.wikimedia.org/wikipedia/commons/thumb/d/d4/MarioIgnacioRegueiro.jpg/250px-MarioIgnacioRegueiro.jpg
Mario Saralegui,Centrocampista,1,1986,Elche,España,24 de abril de 1959,4/24/1959,Artigas,Artigas,Uruguay,-30.40432,-56.46923,https://es.wikipedia.org/wiki/Mario_Saralegui,https://upload.wikimedia.org/wikipedia/commons/thumb/a/a5/Penarol_v_cobreloa_saralegui.jpg/330px-Penarol_v_cobreloa_saralegui.jpg
Mario «Bombón» González,Defensa,1,1974,Peñarol,Uruguay,27 de mayo de 1950,5/27/1950,Montevideo,Montevideo,Uruguay,-34.90550,-56.18511,https://es.wikipedia.org/wiki/Mario_«Bombón»_González,https://www.auf.org.uy/imagenes/img_contenido/seleccion_jugador/a/mario_gonzalez_panini.jpg
Martín Campaña,Guardameta,1,2018,Independiente,Argentina,29 de mayo de 1989,5/29/1989,Maldonado,Maldonado,Uruguay,-34.89794,-54.95004,https://es.wikipedia.org/wiki/Martín_Campaña,https://upload.wikimedia.org/wikipedia/commons/thumb/5/59/Urug_tren_%284%29_-_%D0%BA%D0%BE%D0%BF%D0%B8%D1%8F.jpg/250px-Urug_tren_%284%29_-_%D0%BA%D0%BE%D0%BF%D0%B8%D1%8F.jpg
Martín Cáceres,Defensa,5,"2010, 2014, 2018, 2022, 2026","Barcelona, Juventus, Lazio, Los Angeles Galaxy, Juventud de Las Piedras","España, Italia, Italia, Estados Unidos, Uruguay",7 de abril de 1987,4/7/1987,Montevideo,Montevideo,Uruguay,-34.90550,-56.18511,https://es.wikipedia.org/wiki/Martín_Cáceres,https://upload.wikimedia.org/wikipedia/commons/thumb/f/f8/Uruguay_-_Costa_Rica_FIFA_World_Cup_2014_%E2%80%93_Mart%C3%ADn_C%C3%A1ceres.jpg/330px-Uruguay_-_Costa_Rica_FIFA_World_Cup_2014_%E2%80%93_Mart%C3%ADn_C%C3%A1ceres.jpg
Martín Silva,Guardameta,3,"2010, 2014, 2018","Defensor Sporting, Vasco da Gama, Vasco Da Gama","Uruguay, Brasil",25 de marzo de 1983,3/25/1983,Montevideo,Montevideo,Uruguay,-34.90550,-56.18511,https://es.wikipedia.org/wiki/Martín_Silva,https://upload.wikimedia.org/wikipedia/commons/2/25/Martin_Silva_cropped.jpg
Mathías Olivera,Defensa,2,"2022, 2026","Napoli, Napoli","Italia, Italia",31 de octubre de 1997,10/31/1997,Montevideo,Montevideo,Uruguay,-34.90550,-56.18511,https://es.wikipedia.org/wiki/Mathías_Olivera,https://upload.wikimedia.org/wikipedia/commons/thumb/f/f5/Math%C3%ADas_Olivera_WC2022.jpg/250px-Math%C3%ADas_Olivera_WC2022.jpg
Matías González,Defensa,1,1950,Cerro,Uruguay,6 de agosto de 1925,8/6/1925,Artigas,Artigas,Uruguay,-30.40432,-56.46923,https://es.wikipedia.org/wiki/Matías_González,https://upload.wikimedia.org/wikipedia/commons/thumb/3/3d/Mat%C3%ADas_Gonz%C3%A1lez_%28cropped%29.png/250px-Mat%C3%ADas_Gonz%C3%A1lez_%28cropped%29.png
Matías Vecino,Centrocampista,2,"2018, 2022","Inter de Milán, Lazio",Italia,24 de agosto de 1991,8/24/1991,San Jacinto,Canelones,Uruguay,-34.54720,-55.87309,https://es.wikipedia.org/wiki/Matías_Vecino,https://upload.wikimedia.org/wikipedia/commons/thumb/2/23/20171114_AUT_URU_5030.jpg/250px-20171114_AUT_URU_5030.jpg
Matías Viña,Defensa,2,"2022, 2026","Roma, River Plate","Italia, Argentina",9 de noviembre de 1997,11/9/1997,Empalme Olmos,Canelones,Uruguay,-34.69243,-55.89833,https://es.wikipedia.org/wiki/Matías_Viña,https://upload.wikimedia.org/wikipedia/commons/b/b5/Mat%C3%ADas_Vi%C3%B1a.jpg
Mauricio Victorino,Defensa,1,2010,Universidad de Chile,Chile,11 de octubre de 1982,10/11/1982,Montevideo,Montevideo,Uruguay,-34.90550,-56.18511,https://es.wikipedia.org/wiki/Mauricio_Victorino,https://upload.wikimedia.org/wikipedia/commons/thumb/2/24/Mauricio_Victorino_%28cropped%29.JPG/250px-Mauricio_Victorino_%28cropped%29.JPG
Maxi Gómez,Delantero,2,"2018, 2022","Celta de Vigo, Trabzonspor","España, Turquía",14 de agosto de 1996,8/14/1996,Paysandú,Paysandú,Uruguay,-32.31683,-58.08005,https://es.wikipedia.org/wiki/Maximiliano_Gómez,https://upload.wikimedia.org/wikipedia/commons/thumb/5/57/Maxi_Gomez_2020.png/250px-Maxi_Gomez_2020.png
Maximiliano Pereira,Defensa,3,"2010, 2014, 2018","Benfica, Benfica, FC Porto","Portugal, Portugal, Portugal",8 de junio de 1984,6/8/1984,Montevideo,Montevideo,Uruguay,-34.90550,-56.18511,https://es.wikipedia.org/wiki/Maximiliano_Pereira,https://upload.wikimedia.org/wikipedia/commons/thumb/a/ac/Maxi_Pereira.jpg/250px-Maxi_Pereira.jpg
Miguel Bossio,Centrocampista,1,1986,Peñarol,Uruguay,10 de junio de 1960,6/10/1960,Montevideo,Montevideo,Uruguay,-34.90550,-56.18511,https://es.wikipedia.org/wiki/Miguel_Bossio_(futbolista),https://www.auf.org.uy/imagenes/img_contenido/seleccion_jugador/a/miguel_bossio_getty.jpg
Miguel Capuccini,Guardameta,1,1930,Peñarol,Uruguay,5 de enero de 1904,1/5/1904,Montevideo,Montevideo,Uruguay,-34.90550,-56.18511,https://es.wikipedia.org/wiki/Miguel_Capuccini,https://www.auf.org.uy/imagenes/img_contenido/seleccion_jugador/a/miguel_cappucini_.jpg
Miguel Ángel Melogno,Centrocampista,1,1930,Bella Vista,Uruguay,22 de marzo de 1905,3/22/1905,Salto,Salto,Uruguay,-31.38794,-57.96118,https://es.wikipedia.org/wiki/Miguel_Ángel_Melogno,https://www.auf.org.uy/imagenes/img_contenido/seleccion_jugador/a/angel_melogno_3.jpg
Milton Viera,Delantero,1,1966,Nacional,Uruguay,11 de mayo de 1946,5/11/1946,Rio de Janeiro,,Brasil,-22.90684,-43.17289,https://es.wikipedia.org/wiki/Milton_Viera,https://upload.wikimedia.org/wikipedia/commons/thumb/6/65/Milton_Viera_Boca_Juniors.jpg/250px-Milton_Viera_Boca_Juniors.jpg
Mirto Davoine,Defensa,1,1954,Peñarol,Uruguay,13 de febrero de 1933,2/13/1933,Montevideo,Montevideo,Uruguay,-34.90550,-56.18511,https://es.wikipedia.org/wiki/Mirto_Davoine,https://www.auf.org.uy/imagenes/img_contenido/seleccion_jugador/a/mirto_davoine_mundo-uruguayo.jpg
Nahitan Nández,Centrocampista,1,2018,Boca Juniors,Argentina,28 de diciembre de 1995,12/28/1995,Punta del Este,Maldonado,Uruguay,-34.93605,-54.93781,https://es.wikipedia.org/wiki/Nahitan_Nández,https://upload.wikimedia.org/wikipedia/commons/thumb/7/71/Urug_tren_%283%29_-_%D0%BA%D0%BE%D0%BF%D0%B8%D1%8F.jpg/250px-Urug_tren_%283%29_-_%D0%BA%D0%BE%D0%BF%D0%B8%D1%8F.jpg
Nelson Diaz,Defensa,1,1966,Peñarol,Uruguay,12 de enero de 1942,1/12/1942,Montevideo,Montevideo,Uruguay,-34.90550,-56.18511,https://en.wikipedia.org/wiki/Nelson_D%C3%ADaz_(footballer),https://www.auf.org.uy/imagenes/img_contenido/seleccion_jugador/a/nelson_diaz_.jpg
Nelson Gutiérrez,Defensa,2,"1986, 1990","River Plate, Verona","Argentina, Italia",13 de abril de 1962,4/13/1962,Montevideo,Montevideo,Uruguay,-34.90550,-56.18511,https://es.wikipedia.org/wiki/Nelson_Gutiérrez,https://upload.wikimedia.org/wikipedia/commons/thumb/e/e0/Nelson_Guti%C3%A9rrez_in_1986_after_winning_the_1986_Intercontinental_Cup.jpg/250px-Nelson_Guti%C3%A9rrez_in_1986_after_winning_the_1986_Intercontinental_Cup.jpg
Nicolás Lodeiro,Centrocampista,2,"2010, 2014","Ajax Ámsterdam, Botafogo","Países Bajos, Brasil",21 de marzo de 1989,3/21/1989,Paysandú,Paysandú,Uruguay,-32.31683,-58.08005,https://es.wikipedia.org/wiki/Nicolás_Lodeiro,https://upload.wikimedia.org/wikipedia/commons/thumb/2/27/Nicol%C3%A1s_Lodeiro_2017.jpg/250px-Nicol%C3%A1s_Lodeiro_2017.jpg
Nicolás Olivera,Centrocampista,1,2002,Sevilla,España,30 de mayo de 1978,5/30/1978,Montevideo,Montevideo,Uruguay,-34.90550,-56.18511,https://es.wikipedia.org/wiki/Nicolás_Olivera,https://www.auf.org.uy/imagenes/img_contenido/seleccion_jugador/a/nicolas_olivera_pa.jpg
Nicolás de la Cruz,Centrocampista,2,"2022, 2026","River Plate, Flamengo","Argentina, Brasil",1 de junio de 1997,6/1/1997,Montevideo,Montevideo,Uruguay,-34.90550,-56.18511,https://es.wikipedia.org/wiki/Nicolás_de_la_Cruz_Arcosa,https://upload.wikimedia.org/wikipedia/commons/thumb/0/0c/Nicol%C3%A1s_de_la_Cruz.jpg/250px-Nicol%C3%A1s_de_la_Cruz.jpg
Néstor Carballo,Centrocampista,1,1954,Nacional,Uruguay,3 de febrero de 1929,2/3/1929,"Aires Puros, Montevideo",Montevideo,Uruguay,-34.85386,-56.18957,https://www.auf.org.uy/nestor-carballo/,https://www.auf.org.uy/imagenes/img_contenido/seleccion_jugador/a/nestor_carballo_.jpg
Néstor Gonçalves,Centrocampista,2,"1962, 1966",Peñarol,Uruguay,27 de abril de 1936,4/27/1936,"Baltasar Brum, Artigas",Artigas,Uruguay,-30.72183,-57.32838,https://es.wikipedia.org/wiki/Néstor_Gonçalves,https://upload.wikimedia.org/wikipedia/commons/thumb/6/6c/N%C3%A9stor_Goncalves.jpg/250px-N%C3%A9stor_Goncalves.jpg
Obdulio Varela,Centrocampista,2,"1950, 1954",Peñarol,Uruguay,20 de septiembre de 1917,9/20/1917,Montevideo,Montevideo,Uruguay,-34.90550,-56.18511,https://es.wikipedia.org/wiki/Obdulio_Varela,https://upload.wikimedia.org/wikipedia/commons/thumb/a/aa/FIFA_logo_without_slogan.svg/40px-FIFA_logo_without_slogan.svg.png
Omar Caetano,Defensa,2,"1966, 1970",Peñarol,Uruguay,8 de noviembre de 1938,11/8/1938,Montevideo,Montevideo,Uruguay,-34.90550,-56.18511,https://es.wikipedia.org/wiki/Omar_Caetano,https://www.auf.org.uy/imagenes/img_contenido/seleccion_jugador/a/omar_caetano.jpg
Omar Méndez,Delantero,1,1954,Nacional,Uruguay,7 de agosto de 1934,8/7/1934,San José de Mayo,San José,Uruguay,-34.33913,-56.71461,https://es.wikipedia.org/wiki/Omar_Méndez,https://www.auf.org.uy/imagenes/img_contenido/seleccion_jugador/a/omar_pedro_mendez_.jpg
Oscar Zubía,Delantero,1,1970,River Plate,Argentina,8 de febrero de 1946,2/8/1946,Montevideo,Montevideo,Uruguay,-34.90550,-56.18511,https://es.wikipedia.org/wiki/Oscar_Zubía,https://upload.wikimedia.org/wikipedia/commons/2/2a/%C3%93scar_Zub%C3%ADa.jpg
Pablo Bengoechea,Centrocampista,1,1990,Sevilla,España,27 de junio de 1965,6/27/1965,Rivera,Rivera,Uruguay,-30.90306,-55.54211,https://es.wikipedia.org/wiki/Pablo_Bengoechea,https://upload.wikimedia.org/wikipedia/commons/thumb/c/c0/Pablo_Bengoechea_DT.jpg/330px-Pablo_Bengoechea_DT.jpg
Pablo Dorado,Delantero,1,1930,Bella Vista,Uruguay,22 de junio de 1908,6/22/1908,Montevideo,Montevideo,Uruguay,-34.90550,-56.18511,https://es.wikipedia.org/wiki/Pablo_Dorado,https://upload.wikimedia.org/wikipedia/commons/3/31/Pablo_Dorado_%28cropped%29.JPG
Pablo Forlán,Defensa,2,"1966, 1974","Peñarol, Sao Paulo",Brasil,14 de julio de 1945,7/14/1945,Mercedes,Soriano,Uruguay,-33.24863,-58.01876,https://es.wikipedia.org/wiki/Pablo_Forlán,https://www.auf.org.uy/imagenes/img_contenido/seleccion_jugador/a/pablo_forlan_.jpg
Pablo García,Centrocampista,1,2002,Venezia,Italia,11 de mayo de 1977,5/11/1977,Joaquín Suárez,Canelones,Uruguay,-34.73379,-56.03274,https://es.wikipedia.org/wiki/Pablo_Gabriel_García_Pérez,https://upload.wikimedia.org/wikipedia/commons/thumb/e/ef/Pablogarcia.JPG/250px-Pablogarcia.JPG
Paolo Montero,Defensa,1,2002,Juventus,Italia,3 de septiembre de 1971,9/3/1971,Montevideo,Montevideo,Uruguay,-34.90550,-56.18511,https://es.wikipedia.org/wiki/Paolo_Montero,https://upload.wikimedia.org/wikipedia/commons/thumb/4/45/Paolo_Montero.jpg/330px-Paolo_Montero.jpg
Pedro Cubilla,Centrocampista,1,1962,Rampla Juniors,Uruguay,25 de agosto de 1933,8/25/1933,Paysandú,Paysandú,Uruguay,-32.31683,-58.08005,https://es.wikipedia.org/wiki/Pedro_Cubilla,https://www.auf.org.uy/imagenes/img_contenido/seleccion_jugador/a/pedro_cubilla_.jpg
Pedro Petrone,Delantero,1,1930,Nacional,Uruguay,11 de mayo de 1905,5/11/1905,Montevideo,Montevideo,Uruguay,-34.90550,-56.18511,https://es.wikipedia.org/wiki/Pedro_Petrone,https://www.auf.org.uy/imagenes/img_contenido/seleccion_jugador/a/pedro_petrone_2.jpg
Pedro Rocha,Centrocampista,3,"1962, 1970, 1974","Peñarol, Sao Paulo","Uruguay, Brasil",3 de diciembre de 1942,12/3/1942,Salto,Salto,Uruguay,-31.38794,-57.96118,https://es.wikipedia.org/wiki/Pedro_Virgilio_Rocha,https://upload.wikimedia.org/wikipedia/commons/thumb/3/31/Pedro_Rocha_c1966b.jpg/250px-Pedro_Rocha_c1966b.jpg
Pedro Rocha,Centrocampista,1,1966,Peñarol,Uruguay,3 de diciembre de 1942,12/3/1942,Salto,Salto,Uruguay,-31.38794,-57.96118,https://es.wikipedia.org/wiki/Pedro_Rocha,https://upload.wikimedia.org/wikipedia/commons/thumb/3/31/Pedro_Rocha_c1966b.jpg/250px-Pedro_Rocha_c1966b.jpg
Rafael Souto,Delantero,1,1954,Nacional,Uruguay,24 de octubre de 1929,10/24/1929,Montevideo,Montevideo,Uruguay,-34.90550,-56.18511,https://es.wikipedia.org/wiki/Rafael_Souto,https://www.auf.org.uy/imagenes/img_contenido/seleccion_jugador/a/rafael-souto.jpeg
Ricardo Pavoni,Defensa,1,1974,Independiente,Argentina,8 de julio de 1943,7/8/1943,Montevideo,Montevideo,Uruguay,-34.90550,-56.18511,https://es.wikipedia.org/wiki/Ricardo_Pavoni,https://upload.wikimedia.org/wikipedia/commons/thumb/5/5f/Ricardo_Elbio_Pavoni.jpg/250px-Ricardo_Elbio_Pavoni.jpg
Richard Morales,Delantero,1,2002,Nacional,Uruguay,21 de febrero de 1975,2/21/1975,Las Piedras,Canelones,Uruguay,-34.72699,-56.21596,https://es.wikipedia.org/wiki/Richard_Morales,https://www.auf.org.uy/imagenes/img_contenido/seleccion_jugador/a/richard_morales_pa.jpg
Roberto Leopardi,Centrocampista,1,1954,Nacional,Uruguay,19 de julio de 1933,7/19/1933,Montevideo,Montevideo,Uruguay,-34.90550,-56.18511,https://www.auf.org.uy/roberto-leopardi/,https://www.auf.org.uy/imagenes/img_contenido/seleccion_jugador/a/roberto_leopardi_2.jpg
Roberto Matosas,Defensa,1,1970,Peñarol,Uruguay,11 de mayo de 1940,5/11/1940,Mercedes,Soriano,Uruguay,-33.24863,-58.01876,https://es.wikipedia.org/wiki/Roberto_Matosas,https://upload.wikimedia.org/wikipedia/commons/thumb/7/7c/Roberto_Matosas_%28River%29_-_El_Gr%C3%A1fico_2490.jpg/250px-Roberto_Matosas_%28River%29_-_El_Gr%C3%A1fico_2490.jpg
Roberto Sosa,Guardameta,2,"1962, 1966",Nacional,Uruguay,14 de junio de 1935,6/14/1935,San Carlos,Maldonado,Uruguay,-34.78855,-54.92082,https://es.wikipedia.org/wiki/Roberto_Eduardo_Sosa,https://upload.wikimedia.org/wikipedia/commons/thumb/d/da/Roberto_Eliseo_Sosa.jpg/250px-Roberto_Eliseo_Sosa.jpg
Rodolfo Pini,Centrocampista,1,1950,Nacional,Uruguay,12 de noviembre de 1926,11/12/1926,Fray Bentos,Río Negro,Uruguay,-33.12729,-58.29883,https://es.wikipedia.org/wiki/Rodolfo_Pini,https://www.auf.org.uy/imagenes/img_contenido/seleccion_jugador/a/rodolfo_pini_.jpg
Rodolfo Rodríguez,Guardameta,1,1986,Santos,Brasil,20 de enero de 1956,1/20/1956,Montevideo,Montevideo,Uruguay,-34.90550,-56.18511,https://es.wikipedia.org/wiki/Rodolfo_Rodríguez,https://upload.wikimedia.org/wikipedia/commons/thumb/3/37/RodolfoRodr%C3%ADguez-Mundialito1980.jpg/250px-RodolfoRodr%C3%ADguez-Mundialito1980.jpg
Rodolfo Sandoval,Centrocampista,1,1970,Peñarol,Uruguay,4 de octubre de 1948,10/7/1948,Montevideo,Montevideo,Uruguay,-34.90550,-56.18511,https://en.wikipedia.org/wiki/Rodolfo_Sandoval,https://upload.wikimedia.org/wikipedia/commons/thumb/5/54/Rodolfo_Sandoval.png/500px-Rodolfo_Sandoval.png
Rodrigo Bentancur,Centrocampista,3,"2018, 2022, 2026","Juventus, Tottenham Hotspur, Tottenham Hotspur","Italia, Inglaterra, Inglaterra",25 de junio de 1997,6/25/1997,Nueva Helvecia,Colonia,Uruguay,-34.29074,-57.23528,https://es.wikipedia.org/wiki/Rodrigo_Bentancur,https://upload.wikimedia.org/wikipedia/commons/thumb/c/c8/20171114_AUT_URU_4518_-_Rodrigo_Bentancur_%28cropped%29_2.jpg/250px-20171114_AUT_URU_4518_-_Rodrigo_Bentancur_%28cropped%29_2.jpg
Rodrigo Muñoz,Guardameta,1,2014,Libertad,Paraguay,22 de enero de 1982,1/22/1982,Montevideo,Montevideo,Uruguay,-34.90550,-56.18511,https://es.wikipedia.org/wiki/Rodrigo_Muñoz_(futbolista),https://upload.wikimedia.org/wikipedia/commons/thumb/3/3f/Rodrigo_Mu%C3%B1oz.jpg/250px-Rodrigo_Mu%C3%B1oz.jpg
Ronald Araújo,Defensa,2,"2022, 2026","Barcelona, Barcelona","España, España",7 de marzo de 1999,3/7/1999,Rivera,Rivera,Uruguay,-30.90306,-55.54211,https://es.wikipedia.org/wiki/Ronald_Araújo,https://upload.wikimedia.org/wikipedia/commons/thumb/3/3f/FC_Red_Bull_Salzburg_gegen_CF_Barcelona_%28Testspiel_4._August_2021%29_45_%28cropped%29.jpg/250px-FC_Red_Bull_Salzburg_gegen_CF_Barcelona_%28Testspiel_4._August_2021%29_45_%28cropped%29.jpg
Ronald Langón,Centrocampista,1,1962,Defensor Sporting,Uruguay,27 de noviembre de 1940,11/27/1940,Melo,Cerro Largo,Uruguay,-32.36910,-54.16423,https://atilio.uy/jugador:986,https://www.auf.org.uy/imagenes/img_contenido/seleccion_jugador/a/ronald_langon_.jpg
Roque Gastón Máspoli,Guardameta,2,"1950, 1954",Peñarol,Uruguay,12 de octubre de 1917,10/12/1917,Montevideo,Montevideo,Uruguay,-34.90550,-56.18511,https://es.wikipedia.org/wiki/Roque_Gastón_Máspoli,https://upload.wikimedia.org/wikipedia/commons/thumb/d/d0/Roque_maspoli_posando.jpg/330px-Roque_maspoli_posando.jpg
Ruben Bareño,Delantero,1,1970,Nacional,Uruguay,23 de enero de 1944,1/23/1944,Las Piedras,Canelones,Uruguay,-34.72699,-56.21596,https://es.wikipedia.org/wiki/Ruben_Bareño,https://upload.wikimedia.org/wikipedia/commons/thumb/2/22/R%C3%BAben_Bare%C3%B1o.png/250px-R%C3%BAben_Bare%C3%B1o.png
Ruben Moran,Delantero,1,1950,Cerro,Uruguay,6 de agosto de 1930,8/6/1930,Montevideo,Montevideo,Uruguay,-34.90550,-56.18511,https://es.wikipedia.org/wiki/Ruben_Moran,https://upload.wikimedia.org/wikipedia/commons/thumb/c/cb/Ruben_Moran_-_1950.jpg/250px-Ruben_Moran_-_1950.jpg
Rubén Corbo,Delantero,1,1974,Peñarol,Uruguay,20 de enero de 1952,1/20/1952,Montevideo,Montevideo,Uruguay,-34.90550,-56.18511,https://es.wikipedia.org/wiki/Rubén_Corbo,https://www.auf.org.uy/imagenes/img_contenido/seleccion_jugador/a/ruben_romeo_corbo_.jpg
Rubén González,Defensa,1,1962,Nacional,Uruguay,17 de julio de 1939,7/17/1939,Montevideo,Montevideo,Uruguay,-34.90550,-56.18511,https://www.auf.org.uy/ruben-gonzalez/,https://www.auf.org.uy/imagenes/img_contenido/seleccion_jugador/a/ruben_gonzalez_.jpg
Rubén Paz,Centrocampista,2,"1986, 1990","Internacional, Genoa","Brasil, Italia",8 de agosto de 1959,8/8/1959,Artigas,Artigas,Uruguay,-30.40432,-56.46923,https://es.wikipedia.org/wiki/Rubén_Paz,https://upload.wikimedia.org/wikipedia/commons/thumb/1/18/Ruben_paz_racing2.jpg/250px-Ruben_paz_racing2.jpg
Rubén Pereira,Centrocampista,1,1990,Danubio,Uruguay,28 de enero de 1968,1/28/1968,Montevideo,Montevideo,Uruguay,-34.90550,-56.18511,https://es.wikipedia.org/wiki/Rubén_Pereira,https://www.auf.org.uy/imagenes/img_contenido/seleccion_jugador/a/ruben_pereira_un.jpg
Rubén Soria,Defensa,1,1962,Cerro,Uruguay,23 de enero de 1935,1/23/1935,Montevideo,Montevideo,Uruguay,-34.90550,-56.18511,,https://pbs.twimg.com/media/EPA0CpHX0AEM-XH.jpg
Rubén Sosa,Delantero,1,1990,Lazio,Italia,25 de abril de 1966,4/25/1966,Montevideo,Montevideo,Uruguay,-34.90550,-56.18511,https://es.wikipedia.org/wiki/Rubén_Sosa,https://www.auf.org.uy/imagenes/img_contenido/seleccion_jugador/a/sosaruben.jpg
Santiago Ostolaza,Centrocampista,1,1990,Cruz Azul,México,10 de julio de 1962,7/10/1962,Dolores,Soriano,Uruguay,-33.53315,-58.21560,https://es.wikipedia.org/wiki/Santiago_Ostolaza,https://www.auf.org.uy/imagenes/img_contenido/seleccion_jugador/a/ostolazasantiago.jpg
Santos Urdinarán,Delantero,1,1930,Nacional,Uruguay,30 de marzo de 1900,3/30/1900,Montevideo,Montevideo,Uruguay,-34.90550,-56.18511,https://es.wikipedia.org/wiki/Santos_Urdinarán,https://www.auf.org.uy/imagenes/img_contenido/seleccion_jugador/a/santos_urdinaran.jpg
Schubert Gambetta,Defensa,1,1950,Nacional,Uruguay,14 de abril de 1920,4/14/1920,Montevideo,Montevideo,Uruguay,-34.90550,-56.18511,https://es.wikipedia.org/wiki/Schubert_Gambetta,https://upload.wikimedia.org/wikipedia/commons/thumb/3/38/Urug1950.jpg/250px-Urug1950.jpg
Sebastián Abreu,Delantero,2,"2002, 2010","Cruz Azul, Botafogo",Brasil,17 de octubre de 1976,10/17/1976,Minas,Lavalleja,Uruguay,-34.37563,-55.23689,https://es.wikipedia.org/wiki/Sebastián_Abreu,https://upload.wikimedia.org/wikipedia/commons/thumb/7/7c/SEBASTIAN_ABREU_%2816846564431%29_%28cropped%29.jpg/500px-SEBASTIAN_ABREU_%2816846564431%29_%28cropped%29.jpg
Sebastián Coates,Defensa,3,"2014, 2018, 2022","Nacional, Sporting de Lisboa","Uruguay, Portugal",7 de octubre de 1990,10/7/1990,Montevideo,Montevideo,Uruguay,-34.90550,-56.18511,https://es.wikipedia.org/wiki/Sebastián_Coates,https://upload.wikimedia.org/wikipedia/commons/thumb/0/0f/SELECCI%C3%93N_URUGUAY_%2822557495689%29_%28cropped%29.jpg/250px-SELECCI%C3%93N_URUGUAY_%2822557495689%29_%28cropped%29.jpg
Sebastián Eguren,Centrocampista,2,"2010, 2014","AIK, Palmeiras","Suecia, Brasil",8 de enero de 1981,1/8/1981,Montevideo,Montevideo,Uruguay,-34.90550,-56.18511,https://es.wikipedia.org/wiki/Sebastián_Eguren,https://upload.wikimedia.org/wikipedia/commons/thumb/1/17/Sebasti%C3%A1n_Eguren_2013.jpg/250px-Sebasti%C3%A1n_Eguren_2013.jpg
Sebastián Fernández,Delantero,1,2010,Banfield,Argentina,23 de mayo de 1985,5/23/1985,Montevideo,Montevideo,Uruguay,-34.90550,-56.18511,https://es.wikipedia.org/wiki/Sebastián_Fernández,https://upload.wikimedia.org/wikipedia/commons/e/ec/Malaga_trenning_%283%29.jpg
Sebastián Sosa,Guardameta,1,2022,Independiente,Argentina,19 de agosto de 1986,8/19/1986,Montevideo,Montevideo,Uruguay,-34.90550,-56.18511,https://es.wikipedia.org/wiki/Sebastián_Sosa,https://upload.wikimedia.org/wikipedia/commons/2/28/Sebasti%C3%A1n_Sosa.jpg
Sergio Martínez,Delantero,1,1990,Defensor Sporting,Uruguay,15 de febrero de 1969,2/15/1969,Montevideo,Montevideo,Uruguay,-34.90550,-56.18511,https://es.wikipedia.org/wiki/Sergio_Daniel_Martínez,https://www.auf.org.uy/imagenes/img_contenido/seleccion_jugador/a/sergio_martinez_un.jpg
Sergio Rochet,Guardameta,2,"2022, 2026","Nacional, Sport Club Internacional","Uruguay, Brasil",23 de marzo de 1993,3/23/1993,Nueva Palmira,Colonia,Uruguay,-33.87427,-58.40708,https://es.wikipedia.org/wiki/Sergio_Rochet,https://upload.wikimedia.org/wikipedia/commons/thumb/b/bc/Sergio_Rochet_%282022%29.jpg/250px-Sergio_Rochet_%282022%29.jpg
Sergio Santín,Centrocampista,1,1986,Atlético Nacional,Colombia,6 de agosto de 1956,8/6/1956,Salto,Salto,Uruguay,-31.38794,-57.96118,https://es.wikipedia.org/wiki/Sergio_Santín,https://www.auf.org.uy/imagenes/img_contenido/seleccion_jugador/a/sergio_santin_un2.jpg
Urbano Rivera,Centrocampista,1,1954,Danubio,Uruguay,1 de abril de 1926,4/1/1926,Montevideo,Montevideo,Uruguay,-34.90550,-56.18511,https://www.auf.org.uy/urbano-rivera/,https://www.auf.org.uy/imagenes/img_contenido/seleccion_jugador/a/urbano-rivera.jpeg
Venancio Ramos,Delantero,1,1986,Lens,Francia,20 de junio de 1959,6/20/1959,Pueblo Yacaré (Bernabé Rivera),Artigas,Uruguay,-30.29784,-56.97014,https://es.wikipedia.org/wiki/Venancio_Ramos,https://www.auf.org.uy/imagenes/img_contenido/seleccion_jugador/a/venancio_ramos_.jpg
Victoriano Santos Iriarte,Delantero,1,1930,Racing Club,Uruguay,2 de noviembre de 1902,11/2/1902,Canelones,Canelones,Uruguay,-34.52468,-56.28121,https://es.wikipedia.org/wiki/Victoriano_Santos_Iriarte,https://upload.wikimedia.org/wikipedia/commons/3/37/Santos_Iriarte_%28cropped%29.JPG
Víctor Diogo,Defensa,1,1986,Palmeiras,Brasil,09 de abril de 1958,4/9/1958,Treinta y Tres,Treinta y Tres,Uruguay,-33.23214,-54.38668,https://es.wikipedia.org/wiki/Víctor_Diogo,https://www.auf.org.uy/imagenes/img_contenido/seleccion_jugador/a/victor_diogo_.jpg
Víctor Espárrago,Centrocampista,3,"1966, 1970, 1974","Nacional, Sevilla",España,6 de octubre de 1944,10/6/1944,Montevideo,Montevideo,Uruguay,-34.90550,-56.18511,https://es.wikipedia.org/wiki/Víctor_Espárrago,https://upload.wikimedia.org/wikipedia/commons/thumb/f/f3/V%C3%ADctor_Esp%C3%A1rrago_%281972%29.png/250px-V%C3%ADctor_Esp%C3%A1rrago_%281972%29.png
Víctor Rodríguez Andrade,Defensa,2,"1950, 1954","Central, Peñarol",Uruguay,2 de mayo de 1927,5/2/1927,"Barrio Sur, Montevideo",Montevideo,Uruguay,-34.91087,-56.18818,https://es.wikipedia.org/wiki/Víctor_Rodríguez_Andrade,https://upload.wikimedia.org/wikipedia/commons/thumb/f/f8/V%C3%ADctor_Rodr%C3%ADguez_Andrade%2C_Estadio%2C_1952-04-12_%28465%29.jpg/250px-V%C3%ADctor_Rodr%C3%ADguez_Andrade%2C_Estadio%2C_1952-04-12_%28465%29.jpg
Walter Corbo,Guardameta,1,1970,Peñarol,Uruguay,2 de mayo de 1949,5/2/1949,Montevideo,Montevideo,Uruguay,-34.90550,-56.18511,https://es.wikipedia.org/wiki/Walter_Corbo,https://upload.wikimedia.org/wikipedia/commons/thumb/b/b0/Walter_Corbo.jpg/250px-Walter_Corbo.jpg
Walter Gargano,Defensa,2,"2010, 2014","Napoli, Parma FC",Italia,23 de julio de 1984,7/23/1984,Paysandú,Paysandú,Uruguay,-32.31683,-58.08005,https://es.wikipedia.org/wiki/Walter_Gargano,https://upload.wikimedia.org/wikipedia/commons/thumb/c/c3/Walter_Gargano_-_SSC_Neapel_%283%29.jpg/250px-Walter_Gargano_-_SSC_Neapel_%283%29.jpg
Walter Mantegazza,Centrocampista,1,1974,Nacional,Uruguay,17 de junio de 1952,6/17/1952,Montevideo,Montevideo,Uruguay,-34.90550,-56.18511,https://es.wikipedia.org/wiki/Walter_Mantegazza,https://www.auf.org.uy/imagenes/img_contenido/seleccion_jugador/a/walter_mantegazza_anefo.jpg
Walter Taibo,Guardameta,1,1966,Peñarol,Uruguay,7 de marzo de 1931,3/7/1931,Montevideo,Montevideo,Uruguay,-34.90550,-56.18511,https://es.wikipedia.org/wiki/Walter_Taibo,https://www.auf.org.uy/imagenes/img_contenido/seleccion_jugador/a/walter_taibo_.jpg
Washington Ortuño,Centrocampista,1,1950,Peñarol,Uruguay,13 de mayo de 1928,5/13/1928,Montevideo,Montevideo,Uruguay,-34.90550,-56.18511,https://es.wikipedia.org/wiki/Washington_Ortuño,https://www.auf.org.uy/imagenes/img_contenido/seleccion_jugador/a/washington_ortuno_.jpg
William Castro,Centrocampista,1,1990,Nacional,Uruguay,22 de mayo de 1962,5/22/1962,Mercedes,Soriano,Uruguay,-33.24863,-58.01876,https://es.wikipedia.org/wiki/William_Castro,https://www.auf.org.uy/imagenes/img_contenido/seleccion_jugador/a/william_castro_un.jpg
William Martínez,Defensa,3,"1950, 1954, 1962","Rampla Juniors, Peñarol","Uruguay, Uruguay",13 de enero de 1928,1/13/1928,Montevideo,Montevideo,Uruguay,-34.90550,-56.18511,https://es.wikipedia.org/wiki/William_Martínez,https://upload.wikimedia.org/wikipedia/commons/1/14/William_Mart%C3%ADnez%2C_Estadio%2C_1955-03-12_%28617%29_%28cropped%29.jpg
Wilmar Cabrera,Delantero,1,1986,Niza,Francia,31 de julio de 1959,7/31/1959,"Los Cerrillos, Canelones",Canelones,Uruguay,-34.60813,-56.36118,https://es.wikipedia.org/wiki/Wilmar_Cabrera,https://www.auf.org.uy/imagenes/img_contenido/seleccion_jugador/a/wilmar_cabrera.jpg
Zoilo Saldombide,Delantero,1,1930,Nacional,Uruguay,26 de octubre de 1903,10/26/1903,Santa Lucía,Canelones,Uruguay,-34.45371,-56.39298,https://es.wikipedia.org/wiki/Zoilo_Saldombide,https://www.auf.org.uy/imagenes/img_contenido/seleccion_jugador/a/zoilo_saldombide_.jpg
Álvaro Fernández,Centrocampista,2,"2010, 2014","Universidad de Chile, Gimnasia y Esgrima La Plata","Chile, Argentina",11 de octubre de 1985,10/11/1985,Agraciada,Colonia,Uruguay,-33.80993,-58.26809,https://es.wikipedia.org/wiki/Álvaro_Fernández_(futbolista_uruguayo),https://upload.wikimedia.org/wikipedia/commons/thumb/2/25/Alvaro_Fernandez_Sounders-1.jpg/330px-Alvaro_Fernandez_Sounders-1.jpg
Álvaro Gestido,Centrocampista,1,1930,Peñarol,Uruguay,17 de mayo de 1907,5/17/1907,Montevideo,Montevideo,Uruguay,-34.90550,-56.18511,https://es.wikipedia.org/wiki/Álvaro_Gestido,https://www.auf.org.uy/imagenes/img_contenido/seleccion_jugador/a/alvaro_gestido_.jpg
Álvaro González,Centrocampista,1,2014,Lazio,Italia,29 de octubre de 1984,10/29/1984,Montevideo,Montevideo,Uruguay,-34.90550,-56.18511,https://es.wikipedia.org/wiki/Álvaro_Rafael_González,https://upload.wikimedia.org/wikipedia/commons/thumb/e/e3/%C3%81lvaro_Rafael_Gonz%C3%A1lez.jpg/250px-%C3%81lvaro_Rafael_Gonz%C3%A1lez.jpg
Álvaro Pereira,Centrocampista,2,"2010, 2014","Porto, São Paulo","Portugal, Brasil",28 de noviembre de 1985,11/28/1985,Montevideo,Montevideo,Uruguay,-34.90550,-56.18511,https://es.wikipedia.org/wiki/Álvaro_Pereira,https://upload.wikimedia.org/wikipedia/commons/thumb/2/29/U06_%C3%81lvaro_Pereira_3372.jpg/250px-U06_%C3%81lvaro_Pereira_3372.jpg
Álvaro Recoba,Delantero,1,2002,Inter de Milán,Francia,17 de marzo de 1976,3/17/1976,Montevideo,Montevideo,Uruguay,-34.90550,-56.18511,https://es.wikipedia.org/wiki/Álvaro_Recoba,https://upload.wikimedia.org/wikipedia/commons/thumb/7/75/%C3%81lvaro_Chino_Recoba_120520-1175-jikatu_%28cropped%29.jpg/330px-%C3%81lvaro_Chino_Recoba_120520-1175-jikatu_%28cropped%29.jpg
Ángel Cabrera,Delantero,1,1962,Peñarol,Uruguay,9 de octubre de 1939,10/9/1939,Mercedes,Soriano,Uruguay,-33.24863,-58.01876,https://es.wikipedia.org/wiki/Ángel_Rubén_Cabrera,https://www.auf.org.uy/imagenes/img_contenido/seleccion_jugador/a/angel_ruben_cabrera_.jpg
Óscar Míguez,Delantero,2,"1950, 1954","Peñarol, Peñarol","Uruguay, Uruguay",5 de diciembre de 1927,12/5/1927,Montevideo,Montevideo,Uruguay,-34.90550,-56.18511,https://es.wikipedia.org/wiki/Óscar_Míguez,https://upload.wikimedia.org/wikipedia/commons/c/c4/%C3%93scar_M%C3%ADguez%2C_Estadio%2C_1955-04-02_%28620%29.jpg
Santiago Bueno,Defensa,1,2026,Wolverhampton,Inglaterra,9 de noviembre de 1998,9/11/1998,Montevideo,Montevideo,Uruguay,-34.90550,-56.18511,https://es.wikipedia.org/wiki/Santiago_Bueno,https://www.auf.org.uy/imagenes/img_contenido/seleccion_jugador/a/bueno.png
Joaquín Piquerez,Defensa,1,2026,Palmeiras,Brasil,24 de agosto de 1998,8/24/1998,Montevideo,Montevideo,Uruguay,-34.90550,-56.18511,https://es.wikipedia.org/wiki/Joaqu%C3%ADn_Piquerez,https://www.auf.org.uy/imagenes/img_contenido/seleccion_jugador/a/joaquin-piquerez222.jpg
Emiliano Martínez,Centrocampista,1,2026,Palmeiras,Brasil,17 de agosto de 1997,8/17/1999,Punta del Este,Maldonado,Uruguay,-34.93605,-54.93781,https://es.wikipedia.org/wiki/Emiliano_Mart%C3%ADnez_Toranza,https://www.auf.org.uy/imagenes/img_contenido/seleccion_jugador/a/martinez-emiliano-ct.jpg
Juan Manuel Sanabria,Centrocampista,1,2026,Real Salt Lake,Estados Unidos,29 de marzo de 2000,3/29/2000,Florida,Florida,Uruguay,-34.09446,-56.21859,https://es.wikipedia.org/wiki/Juan_Manuel_Sanabria,https://www.auf.org.uy/imagenes/img_contenido/seleccion_jugador/a/jm-sanabria.jpg
Rodrigo Zalazar,Centrocampista,1,2026,Braga,Portugal,12 de agosto de 1999,8/12/1999,Albacete,,España,38.99439,-1.86017,https://es.wikipedia.org/wiki/Rodrigo_Zalazar,https://www.auf.org.uy/imagenes/img_contenido/seleccion_jugador/a/zalazarrrrr.jpg
Maximiliano Araújo,Delantero,1,2026,Sporting de Lisboa,Portugal,15 de febrero de 2000,2/15/2000,Montevideo,Montevideo,Uruguay,-34.90550,-56.18511,https://es.wikipedia.org/wiki/Maximiliano_Ara%C3%BAjo,https://www.auf.org.uy/imagenes/img_contenido/seleccion_jugador/a/araujo-maximiliano-ct-1.jpg
Brian Rodríguez,Delantero,1,2026,América,México,20 de mayo de 2000,5/20/2000,Tranqueras,Rivera,Uruguay,-31.1908,-55.76601,https://es.wikipedia.org/wiki/Brian_Rodr%C3%ADguez,https://www.auf.org.uy/imagenes/img_contenido/seleccion_jugador/a/rodriguez-brian-ct.jpg
Rodrigo Aguirre Soto,Delantero,1,2026,Tigres,México,1 de octubre de 1994,10/1/1994,Montevideo,Montevideo,Uruguay,-34.90550,-56.18511,https://es.wikipedia.org/wiki/Rodrigo_Aguirre_Soto,https://www.auf.org.uy/imagenes/img_contenido/seleccion_jugador/a/raguirre.png
Federico Viñas,Delantero,1,2026,Real Oviedo,España,30 de junio de 1998,6/30/1998,Montevideo,Montevideo,Uruguay,-34.90550,-56.18511,https://es.wikipedia.org/wiki/Federico_Vi%C3%B1as,https://www.auf.org.uy/imagenes/img_contenido/seleccion_jugador/a/federico-vinas232.jpg